run_id,domain,family,case_id,case_label,operation,mmap_target,host,torchfits_method,torchfits_time_s,torchfits_peak_rss_mb,best_library,best_method,best_time_s,best_peak_rss_mb,lag_ratio,pct_behind,significance,n_points,perceived_impact
exhaustive_cpu_20260719_144337,fits,smart,compressed_hcompress_1::read_full,compressed_hcompress_1 [read_full],read_full,off,torchfits-gpu-exhaustive-cpu-20260719-144337,torchfits,0.02628334704786539,290.71484375,fitsio,fitsio_torch,0.025505135767161846,290.71484375,1.0305119442534199,3.0511944253419854,noise,,visible
exhaustive_cpu_20260719_144337,fits,smart,compressed_hcompress_1::read_full,compressed_hcompress_1 [read_full],read_full,on,torchfits-gpu-exhaustive-cpu-20260719-144337,torchfits,0.04548752214759588,289.35546875,fitsio,fitsio_torch,0.04423171281814575,289.35546875,1.0283916052406394,2.839160524063944,noise,,visible
exhaustive_cpu_20260719_144337,fits,specialized,medium_int8_1d::header_read,medium_int8_1d [header_read],header_read,n/a,torchfits-gpu-exhaustive-cpu-20260719-144337,torchfits_specialized,4.32431697845459e-05,278.05859375,fitsio,fitsio,2.8672628104686737e-05,278.05859375,1.5081690323837984,50.81690323837984,noise,,negligible
exhaustive_cpu_20260719_144337,fits,specialized,small_int32_1d::header_read,small_int32_1d [header_read],header_read,n/a,torchfits-gpu-exhaustive-cpu-20260719-144337,torchfits_specialized,3.723893314599991e-05,278.05859375,fitsio,fitsio,2.4829991161823273e-05,278.05859375,1.499756198192116,49.975619819211595,noise,,negligible
exhaustive_cpu_20260719_144337,fits,specialized,small_float32_1d::header_read,small_float32_1d [header_read],header_read,n/a,torchfits-gpu-exhaustive-cpu-20260719-144337,torchfits_specialized,3.638956695795059e-05,278.05859375,fitsio,fitsio,2.5141052901744843e-05,278.05859375,1.4474161881829968,44.74161881829968,noise,,negligible
exhaustive_cpu_20260719_144337,fits,specialized,tiny_float32_1d::header_read,tiny_float32_1d [header_read],header_read,n/a,torchfits-gpu-exhaustive-cpu-20260719-144337,torchfits_specialized,3.6232173442840576e-05,278.21484375,fitsio,fitsio,2.5078654289245605e-05,278.21484375,1.4447415329768272,44.47415329768272,noise,,negligible
exhaustive_cpu_20260719_144337,fits,specialized,medium_int64_1d::header_read,medium_int64_1d [header_read],header_read,n/a,torchfits-gpu-exhaustive-cpu-20260719-144337,torchfits_specialized,3.634486347436905e-05,278.05859375,fitsio,fitsio,2.5169923901557922e-05,278.05859375,1.4439798712351068,44.39798712351069,noise,,negligible
exhaustive_cpu_20260719_144337,fits,specialized,large_int16_1d::header_read,large_int16_1d [header_read],header_read,n/a,torchfits-gpu-exhaustive-cpu-20260719-144337,torchfits_specialized,3.639236092567444e-05,278.05859375,fitsio,fitsio,2.527330070734024e-05,278.05859375,1.4399528319268895,43.99528319268895,noise,,negligible
exhaustive_cpu_20260719_144337,fits,specialized,small_float64_1d::header_read,small_float64_1d [header_read],header_read,n/a,torchfits-gpu-exhaustive-cpu-20260719-144337,torchfits_specialized,3.7610530853271484e-05,278.05859375,fitsio,fitsio,2.615712583065033e-05,278.05859375,1.4378694011251156,43.786940112511566,noise,,negligible
exhaustive_cpu_20260719_144337,fits,specialized,tiny_int64_1d::header_read,tiny_int64_1d [header_read],header_read,n/a,torchfits-gpu-exhaustive-cpu-20260719-144337,torchfits_specialized,3.495439887046814e-05,278.21484375,fitsio,fitsio,2.446584403514862e-05,278.21484375,1.4287019413779978,42.87019413779978,noise,,negligible
exhaustive_cpu_20260719_144337,fits,specialized,large_float64_2d::header_read,large_float64_2d [header_read],header_read,n/a,torchfits-gpu-exhaustive-cpu-20260719-144337,torchfits_specialized,4.0046870708465576e-05,278.05859375,fitsio,fitsio,2.809520810842514e-05,278.05859375,1.4253986143799515,42.53986143799515,noise,,negligible
exhaustive_cpu_20260719_144337,fits,specialized,timeseries_frame_000::header_read,timeseries_frame_000 [header_read],header_read,n/a,torchfits-gpu-exhaustive-cpu-20260719-144337,torchfits_specialized,5.045346915721893e-05,278.21484375,fitsio,fitsio,3.550667315721512e-05,278.21484375,1.4209573770491803,42.09573770491804,noise,,negligible
exhaustive_cpu_20260719_144337,fits,specialized,medium_int16_2d::header_read,medium_int16_2d [header_read],header_read,n/a,torchfits-gpu-exhaustive-cpu-20260719-144337,torchfits_specialized,4.093348979949951e-05,278.05859375,fitsio,fitsio,2.8978101909160614e-05,278.05859375,1.4125662863570625,41.25662863570625,noise,,negligible
exhaustive_cpu_20260719_144337,fits,specialized,large_float32_1d::header_read,large_float32_1d [header_read],header_read,n/a,torchfits-gpu-exhaustive-cpu-20260719-144337,torchfits_specialized,3.8477592170238495e-05,278.05859375,fitsio,fitsio,2.7509406208992004e-05,278.05859375,1.3987067506263118,39.87067506263118,noise,,negligible
exhaustive_cpu_20260719_144337,fits,specialized,tiny_float32_2d::header_read,tiny_float32_2d [header_read],header_read,n/a,torchfits-gpu-exhaustive-cpu-20260719-144337,torchfits_specialized,3.805290907621384e-05,278.21484375,fitsio,fitsio,2.7404166758060455e-05,278.21484375,1.3885811384876805,38.85811384876805,noise,,negligible
exhaustive_cpu_20260719_144337,fits,specialized,large_float32_2d::header_read,large_float32_2d [header_read],header_read,n/a,torchfits-gpu-exhaustive-cpu-20260719-144337,torchfits_specialized,4.1525810956954956e-05,278.05859375,fitsio,fitsio,2.993643283843994e-05,278.05859375,1.3871329019412644,38.71329019412644,noise,,negligible
exhaustive_cpu_20260719_144337,fits,specialized,medium_int32_3d::header_read,medium_int32_3d [header_read],header_read,n/a,torchfits-gpu-exhaustive-cpu-20260719-144337,torchfits_specialized,4.331674426794052e-05,278.05859375,fitsio,fitsio,3.137253224849701e-05,278.05859375,1.3807219616457875,38.072196164578756,noise,,negligible
exhaustive_cpu_20260719_144337,fits,specialized,medium_int64_2d::header_read,medium_int64_2d [header_read],header_read,n/a,torchfits-gpu-exhaustive-cpu-20260719-144337,torchfits_specialized,4.035327583551407e-05,278.05859375,fitsio,fitsio,2.9294751584529877e-05,278.05859375,1.3774916547448737,37.74916547448737,noise,,negligible
exhaustive_cpu_20260719_144337,fits,specialized,timeseries_frame_001::header_read,timeseries_frame_001 [header_read],header_read,n/a,torchfits-gpu-exhaustive-cpu-20260719-144337,torchfits_specialized,3.845244646072388e-05,278.21484375,fitsio,fitsio,2.7924776077270508e-05,278.21484375,1.377001067235859,37.700106723585904,noise,,negligible
exhaustive_cpu_20260719_144337,fits,specialized,large_float64_1d::header_read,large_float64_1d [header_read],header_read,n/a,torchfits-gpu-exhaustive-cpu-20260719-144337,torchfits_specialized,3.71783971786499e-05,278.05859375,fitsio,fitsio,2.700556069612503e-05,278.05859375,1.3766941407731834,37.66941407731834,noise,,negligible
exhaustive_cpu_20260719_144337,fits,specialized,small_float32_3d::header_read,small_float32_3d [header_read],header_read,n/a,torchfits-gpu-exhaustive-cpu-20260719-144337,torchfits_specialized,3.9340928196907043e-05,278.05859375,fitsio,fitsio,2.8585083782672882e-05,278.05859375,1.376274720620337,37.627472062033696,noise,,negligible
exhaustive_cpu_20260719_144337,fits,specialized,tiny_int32_1d::header_read,tiny_int32_1d [header_read],header_read,n/a,torchfits-gpu-exhaustive-cpu-20260719-144337,torchfits_specialized,3.6815181374549866e-05,278.21484375,fitsio,fitsio,2.676434814929962e-05,278.21484375,1.3755306562739231,37.553065627392314,noise,,negligible
exhaustive_cpu_20260719_144337,fits,specialized,medium_float64_3d::header_read,medium_float64_3d [header_read],header_read,n/a,torchfits-gpu-exhaustive-cpu-20260719-144337,torchfits_specialized,3.856886178255081e-05,278.05859375,fitsio,fitsio,2.8079375624656677e-05,278.05859375,1.3735655058043117,37.35655058043117,noise,,negligible
exhaustive_cpu_20260719_144337,fits,specialized,small_int32_2d::header_read,small_int32_2d [header_read],header_read,n/a,torchfits-gpu-exhaustive-cpu-20260719-144337,torchfits_specialized,3.74549999833107e-05,278.05859375,fitsio,fitsio,2.7412548661231995e-05,278.05859375,1.3663450431473805,36.634504314738045,noise,,negligible
exhaustive_cpu_20260719_144337,fits,specialized,small_float64_2d::header_read,small_float64_2d [header_read],header_read,n/a,torchfits-gpu-exhaustive-cpu-20260719-144337,torchfits_specialized,3.760587424039841e-05,278.05859375,fitsio,fitsio,2.761557698249817e-05,278.05859375,1.361763118845272,36.17631188452719,noise,,negligible
exhaustive_cpu_20260719_144337,fits,specialized,small_float32_2d::header_read,small_float32_2d [header_read],header_read,n/a,torchfits-gpu-exhaustive-cpu-20260719-144337,torchfits_specialized,3.8963742554187775e-05,278.05859375,fitsio,fitsio,2.882257103919983e-05,278.05859375,1.3518482616001033,35.18482616001033,noise,,negligible
exhaustive_cpu_20260719_144337,fits,specialized,tiny_float64_1d::header_read,tiny_float64_1d [header_read],header_read,n/a,torchfits-gpu-exhaustive-cpu-20260719-144337,torchfits_specialized,3.5521574318408966e-05,278.21484375,fitsio,fitsio,2.6287510991096497e-05,278.21484375,1.3512718769928436,35.127187699284356,noise,,negligible
exhaustive_cpu_20260719_144337,fits,specialized,large_int64_1d::header_read,large_int64_1d [header_read],header_read,n/a,torchfits-gpu-exhaustive-cpu-20260719-144337,torchfits_specialized,3.63299623131752e-05,278.05859375,fitsio,fitsio,2.6913359761238098e-05,278.05859375,1.3498858052460379,34.98858052460378,noise,,negligible
exhaustive_cpu_20260719_144337,fits,specialized,small_int64_1d::header_read,small_int64_1d [header_read],header_read,n/a,torchfits-gpu-exhaustive-cpu-20260719-144337,torchfits_specialized,5.16669824719429e-05,278.05859375,fitsio,fitsio,3.839842975139618e-05,278.05859375,1.3455493572641282,34.554935726412815,noise,,negligible
exhaustive_cpu_20260719_144337,fits,specialized,medium_float64_1d::header_read,medium_float64_1d [header_read],header_read,n/a,torchfits-gpu-exhaustive-cpu-20260719-144337,torchfits_specialized,3.5733915865421295e-05,278.05859375,fitsio,fitsio,2.662651240825653e-05,278.05859375,1.342042672263029,34.204267226302896,noise,,negligible
exhaustive_cpu_20260719_144337,fits,specialized,timeseries_frame_002::header_read,timeseries_frame_002 [header_read],header_read,n/a,torchfits-gpu-exhaustive-cpu-20260719-144337,torchfits_specialized,3.848318010568619e-05,278.21484375,fitsio,fitsio,2.8682872653007507e-05,278.21484375,1.3416780310409766,34.16780310409766,noise,,negligible
exhaustive_cpu_20260719_144337,fits,specialized,medium_int16_3d::header_read,medium_int16_3d [header_read],header_read,n/a,torchfits-gpu-exhaustive-cpu-20260719-144337,torchfits_specialized,3.991276025772095e-05,278.05859375,fitsio,fitsio,2.9765069484710693e-05,278.05859375,1.3409261576971214,34.09261576971214,noise,,negligible
exhaustive_cpu_20260719_144337,fits,specialized,large_int8_1d::header_read,large_int8_1d [header_read],header_read,n/a,torchfits-gpu-exhaustive-cpu-20260719-144337,torchfits_specialized,4.1008926928043365e-05,278.05859375,fitsio,fitsio,3.058556467294693e-05,278.05859375,1.3407935202947534,34.07935202947534,noise,,negligible
exhaustive_cpu_20260719_144337,fits,specialized,large_int32_1d::header_read,large_int32_1d [header_read],header_read,n/a,torchfits-gpu-exhaustive-cpu-20260719-144337,torchfits_specialized,3.5878270864486694e-05,278.05859375,fitsio,fitsio,2.6843510568141937e-05,278.05859375,1.3365714880477397,33.657148804773975,noise,,negligible
exhaustive_cpu_20260719_144337,fits,specialized,tiny_int16_2d::header_read,tiny_int16_2d [header_read],header_read,n/a,torchfits-gpu-exhaustive-cpu-20260719-144337,torchfits_specialized,3.763008862733841e-05,278.21484375,fitsio,fitsio,2.8158538043498993e-05,278.21484375,1.3363651397387135,33.63651397387135,noise,,negligible
exhaustive_cpu_20260719_144337,fits,specialized,large_int64_2d::header_read,large_int64_2d [header_read],header_read,n/a,torchfits-gpu-exhaustive-cpu-20260719-144337,torchfits_specialized,3.749784082174301e-05,278.05859375,fitsio,fitsio,2.811569720506668e-05,278.05859375,1.33369770446189,33.36977044618901,noise,,negligible
exhaustive_cpu_20260719_144337,fits,specialized,tiny_float64_2d::header_read,tiny_float64_2d [header_read],header_read,n/a,torchfits-gpu-exhaustive-cpu-20260719-144337,torchfits_specialized,3.776978701353073e-05,278.21484375,fitsio,fitsio,2.8323382139205933e-05,278.21484375,1.3335196632908062,33.35196632908062,noise,,negligible
exhaustive_cpu_20260719_144337,fits,specialized,medium_float32_3d::header_read,medium_float32_3d [header_read],header_read,n/a,torchfits-gpu-exhaustive-cpu-20260719-144337,torchfits_specialized,3.753975033760071e-05,278.05859375,fitsio,fitsio,2.821255475282669e-05,278.05859375,1.330604430066352,33.0604430066352,noise,,negligible
exhaustive_cpu_20260719_144337,fits,specialized,large_int32_2d::header_read,large_int32_2d [header_read],header_read,n/a,torchfits-gpu-exhaustive-cpu-20260719-144337,torchfits_specialized,3.74307855963707e-05,278.05859375,fitsio,fitsio,2.8224661946296692e-05,278.05859375,1.3261730350425658,32.617303504256576,noise,,negligible
exhaustive_cpu_20260719_144337,fits,specialized,medium_float64_2d::header_read,medium_float64_2d [header_read],header_read,n/a,torchfits-gpu-exhaustive-cpu-20260719-144337,torchfits_specialized,4.177168011665344e-05,278.05859375,fitsio,fitsio,3.150478005409241e-05,278.05859375,1.3258838831737023,32.58838831737023,noise,,negligible
exhaustive_cpu_20260719_144337,fits,specialized,medium_int32_1d::header_read,medium_int32_1d [header_read],header_read,n/a,torchfits-gpu-exhaustive-cpu-20260719-144337,torchfits_specialized,3.545079380273819e-05,278.05859375,fitsio,fitsio,2.6798807084560394e-05,278.05859375,1.3228496959165943,32.28496959165943,noise,,negligible
exhaustive_cpu_20260719_144337,fits,specialized,timeseries_frame_004::header_read,timeseries_frame_004 [header_read],header_read,n/a,torchfits-gpu-exhaustive-cpu-20260719-144337,torchfits_specialized,3.60412523150444e-05,278.21484375,fitsio,fitsio,2.726074308156967e-05,278.21484375,1.3220935396809128,32.20935396809128,noise,,negligible
exhaustive_cpu_20260719_144337,fits,specialized,tiny_float32_3d::header_read,tiny_float32_3d [header_read],header_read,n/a,torchfits-gpu-exhaustive-cpu-20260719-144337,torchfits_specialized,3.877747803926468e-05,278.21484375,fitsio,fitsio,2.944003790616989e-05,278.21484375,1.3171680744044794,31.716807440447937,noise,,negligible
exhaustive_cpu_20260719_144337,fits,specialized,tiny_int64_2d::header_read,tiny_int64_2d [header_read],header_read,n/a,torchfits-gpu-exhaustive-cpu-20260719-144337,torchfits_specialized,3.570038825273514e-05,278.21484375,fitsio,fitsio,2.7169473469257355e-05,278.21484375,1.3139889623967367,31.398896239673668,noise,,negligible
exhaustive_cpu_20260719_144337,fits,specialized,small_int32_3d::header_read,small_int32_3d [header_read],header_read,n/a,torchfits-gpu-exhaustive-cpu-20260719-144337,torchfits_specialized,3.870949149131775e-05,278.05859375,fitsio,fitsio,2.9460527002811432e-05,278.05859375,1.313944298675434,31.394429867543394,noise,,negligible
exhaustive_cpu_20260719_144337,fits,specialized,medium_int32_2d::header_read,medium_int32_2d [header_read],header_read,n/a,torchfits-gpu-exhaustive-cpu-20260719-144337,torchfits_specialized,3.899727016687393e-05,278.05859375,fitsio,fitsio,2.96933576464653e-05,278.05859375,1.313333124235486,31.3333124235486,noise,,negligible
exhaustive_cpu_20260719_144337,fits,specialized,tiny_int16_3d::header_read,tiny_int16_3d [header_read],header_read,n/a,torchfits-gpu-exhaustive-cpu-20260719-144337,torchfits_specialized,3.8613565266132355e-05,278.21484375,fitsio,fitsio,2.941582351922989e-05,278.21484375,1.3126800696533165,31.26800696533165,noise,,negligible
exhaustive_cpu_20260719_144337,fits,specialized,timeseries_frame_003::header_read,timeseries_frame_003 [header_read],header_read,n/a,torchfits-gpu-exhaustive-cpu-20260719-144337,torchfits_specialized,3.8514845073223114e-05,278.21484375,fitsio,fitsio,2.936646342277527e-05,278.21484375,1.3115248002029685,31.152480020296846,noise,,negligible
exhaustive_cpu_20260719_144337,fits,specialized,small_int16_1d::header_read,small_int16_1d [header_read],header_read,n/a,torchfits-gpu-exhaustive-cpu-20260719-144337,torchfits_specialized,3.521330654621124e-05,278.05859375,fitsio,fitsio,2.688448876142502e-05,278.05859375,1.30980011778155,30.980011778154992,noise,,negligible
exhaustive_cpu_20260719_144337,fits,specialized,tiny_float64_3d::header_read,tiny_float64_3d [header_read],header_read,n/a,torchfits-gpu-exhaustive-cpu-20260719-144337,torchfits_specialized,3.8827769458293915e-05,278.21484375,fitsio,fitsio,2.9667280614376068e-05,278.21484375,1.308774132789201,30.87741327892011,noise,,negligible
exhaustive_cpu_20260719_144337,fits,specialized,small_int64_2d::header_read,small_int64_2d [header_read],header_read,n/a,torchfits-gpu-exhaustive-cpu-20260719-144337,torchfits_specialized,3.7838704884052277e-05,278.05859375,fitsio,fitsio,2.8979964554309845e-05,278.05859375,1.3056849953401677,30.56849953401677,noise,,negligible
exhaustive_cpu_20260719_144337,fits,specialized,small_int16_2d::header_read,small_int16_2d [header_read],header_read,n/a,torchfits-gpu-exhaustive-cpu-20260719-144337,torchfits_specialized,3.599654883146286e-05,278.05859375,fitsio,fitsio,2.759508788585663e-05,278.05859375,1.304454944313196,30.44549443131961,noise,,negligible
exhaustive_cpu_20260719_144337,fits,specialized,scaled_medium::header_read,scaled_medium [header_read],header_read,n/a,torchfits-gpu-exhaustive-cpu-20260719-144337,torchfits_specialized,4.4080428779125214e-05,278.05859375,fitsio,fitsio,3.382749855518341e-05,278.05859375,1.3030945432520236,30.309454325202356,noise,,negligible
exhaustive_cpu_20260719_144337,fits,specialized,tiny_int16_1d::header_read,tiny_int16_1d [header_read],header_read,n/a,torchfits-gpu-exhaustive-cpu-20260719-144337,torchfits_specialized,3.4310854971408844e-05,278.21484375,fitsio,fitsio,2.633407711982727e-05,278.21484375,1.302907058989956,30.290705898995608,noise,,negligible
exhaustive_cpu_20260719_144337,fits,specialized,tiny_int8_3d::header_read,tiny_int8_3d [header_read],header_read,n/a,torchfits-gpu-exhaustive-cpu-20260719-144337,torchfits_specialized,4.360917955636978e-05,278.21484375,fitsio,fitsio,3.3515505492687225e-05,278.21484375,1.3011643093339262,30.116430933392625,noise,,negligible
exhaustive_cpu_20260719_144337,fits,specialized,large_int8_2d::header_read,large_int8_2d [header_read],header_read,n/a,torchfits-gpu-exhaustive-cpu-20260719-144337,torchfits_specialized,4.1699036955833435e-05,278.05859375,fitsio,fitsio,3.214646130800247e-05,278.05859375,1.297157922183272,29.71579221832721,noise,,negligible
exhaustive_cpu_20260719_144337,fits,specialized,large_int16_2d::header_read,large_int16_2d [header_read],header_read,n/a,torchfits-gpu-exhaustive-cpu-20260719-144337,torchfits_specialized,3.719329833984375e-05,278.05859375,fitsio,fitsio,2.8806738555431366e-05,278.05859375,1.2911318741715432,29.113187417154318,noise,,negligible
exhaustive_cpu_20260719_144337,fits,specialized,medium_float32_2d::header_read,medium_float32_2d [header_read],header_read,n/a,torchfits-gpu-exhaustive-cpu-20260719-144337,torchfits_specialized,3.6618672311306e-05,278.05859375,fitsio,fitsio,2.8384849429130554e-05,278.05859375,1.290078089113459,29.00780891134589,noise,,negligible
exhaustive_cpu_20260719_144337,fits,specialized,small_uint32_2d::header_read,small_uint32_2d [header_read],header_read,n/a,torchfits-gpu-exhaustive-cpu-20260719-144337,torchfits_specialized,9.225122630596161e-05,278.21484375,fitsio,fitsio,7.15162605047226e-05,278.21484375,1.2899335851022269,28.993358510222688,noise,,negligible
exhaustive_cpu_20260719_144337,fits,specialized,medium_int16_1d::header_read,medium_int16_1d [header_read],header_read,n/a,torchfits-gpu-exhaustive-cpu-20260719-144337,torchfits_specialized,3.443378955125809e-05,278.05859375,fitsio,fitsio,2.6834197342395782e-05,278.05859375,1.2832054975184812,28.320549751848123,noise,,negligible
exhaustive_cpu_20260719_144337,fits,specialized,large_uint16_2d::header_read,large_uint16_2d [header_read],header_read,n/a,torchfits-gpu-exhaustive-cpu-20260719-144337,torchfits_specialized,4.1151419281959534e-05,278.05859375,fitsio,fitsio,3.20998951792717e-05,278.05859375,1.2819798647982128,28.19798647982128,noise,,negligible
exhaustive_cpu_20260719_144337,fits,specialized,tiny_int32_3d::header_read,tiny_int32_3d [header_read],header_read,n/a,torchfits-gpu-exhaustive-cpu-20260719-144337,torchfits_specialized,3.756396472454071e-05,278.21484375,fitsio,fitsio,2.95126810669899e-05,278.21484375,1.2728075988513363,27.280759885133634,noise,,negligible
exhaustive_cpu_20260719_144337,fits,specialized,large_uint32_2d::header_read,large_uint32_2d [header_read],header_read,n/a,torchfits-gpu-exhaustive-cpu-20260719-144337,torchfits_specialized,4.238449037075043e-05,278.05859375,fitsio,fitsio,3.3309683203697205e-05,278.05859375,1.272437510484818,27.2437510484818,noise,,negligible
exhaustive_cpu_20260719_144337,fits,specialized,medium_int8_3d::header_read,medium_int8_3d [header_read],header_read,n/a,torchfits-gpu-exhaustive-cpu-20260719-144337,torchfits_specialized,4.655960947275162e-05,278.05859375,fitsio,fitsio,3.686733543872833e-05,278.05859375,1.2628959733239025,26.289597332390247,noise,,negligible
exhaustive_cpu_20260719_144337,fits,specialized,medium_uint32_2d::header_read,medium_uint32_2d [header_read],header_read,n/a,torchfits-gpu-exhaustive-cpu-20260719-144337,torchfits_specialized,4.3876469135284424e-05,278.05859375,fitsio,fitsio,3.479979932308197e-05,278.05859375,1.2608253492479795,26.08253492479795,noise,,negligible
exhaustive_cpu_20260719_144337,fits,specialized,small_int8_3d::header_read,small_int8_3d [header_read],header_read,n/a,torchfits-gpu-exhaustive-cpu-20260719-144337,torchfits_specialized,4.514958709478378e-05,278.05859375,fitsio,fitsio,3.585871309041977e-05,278.05859375,1.2590966937641224,25.909669376412236,noise,,negligible
exhaustive_cpu_20260719_144337,fits,specialized,scaled_large::header_read,scaled_large [header_read],header_read,n/a,torchfits-gpu-exhaustive-cpu-20260719-144337,torchfits_specialized,4.331022500991821e-05,278.05859375,fitsio,fitsio,3.4401193261146545e-05,278.05859375,1.2589744978071362,25.89744978071362,noise,,negligible
exhaustive_cpu_20260719_144337,fits,specialized,small_int8_2d::header_read,small_int8_2d [header_read],header_read,n/a,torchfits-gpu-exhaustive-cpu-20260719-144337,torchfits_specialized,4.0966086089611053e-05,278.05859375,fitsio,fitsio,3.2724812626838684e-05,278.05859375,1.2518356195571745,25.183561955717447,noise,,negligible
exhaustive_cpu_20260719_144337,fits,specialized,small_uint16_2d::header_read,small_uint16_2d [header_read],header_read,n/a,torchfits-gpu-exhaustive-cpu-20260719-144337,torchfits_specialized,4.0796585381031036e-05,278.05859375,fitsio,fitsio,3.25934961438179e-05,278.21484375,1.2516787153184559,25.167871531845588,noise,,negligible
exhaustive_cpu_20260719_144337,fits,specialized,small_int8_1d::header_read,small_int8_1d [header_read],header_read,n/a,torchfits-gpu-exhaustive-cpu-20260719-144337,torchfits_specialized,3.978516906499863e-05,278.05859375,fitsio,fitsio,3.184378147125244e-05,278.05859375,1.2493858212447355,24.93858212447355,noise,,negligible
exhaustive_cpu_20260719_144337,fits,specialized,scaled_small::header_read,scaled_small [header_read],header_read,n/a,torchfits-gpu-exhaustive-cpu-20260719-144337,torchfits_specialized,4.2739324271678925e-05,278.05859375,fitsio,fitsio,3.4344382584095e-05,278.05859375,1.2444342001789734,24.443420017897346,noise,,negligible
exhaustive_cpu_20260719_144337,fits,specialized,small_int16_3d::header_read,small_int16_3d [header_read],header_read,n/a,torchfits-gpu-exhaustive-cpu-20260719-144337,torchfits_specialized,3.903917968273163e-05,278.05859375,fitsio,fitsio,3.149453550577164e-05,278.05859375,1.2395540704379455,23.95540704379455,noise,,negligible
exhaustive_cpu_20260719_144337,fits,specialized,medium_int64_3d::header_read,medium_int64_3d [header_read],header_read,n/a,torchfits-gpu-exhaustive-cpu-20260719-144337,torchfits_specialized,3.735348582267761e-05,278.05859375,fitsio,fitsio,3.0171126127243042e-05,278.05859375,1.2380540807507099,23.80540807507099,noise,,negligible
exhaustive_cpu_20260719_144337,fits,specialized,mef_small::header_read,mef_small [header_read],header_read,n/a,torchfits-gpu-exhaustive-cpu-20260719-144337,torchfits_specialized,5.1394104957580566e-05,278.05859375,fitsio,fitsio,4.177354276180267e-05,278.05859375,1.230302760065992,23.030276006599195,noise,,negligible
exhaustive_cpu_20260719_144337,fits,specialized,medium_float32_1d::header_read,medium_float32_1d [header_read],header_read,n/a,torchfits-gpu-exhaustive-cpu-20260719-144337,torchfits_specialized,3.1960196793079376e-05,278.05859375,fitsio,fitsio,2.614501863718033e-05,278.05859375,1.2224201189755282,22.242011897552814,noise,,negligible
exhaustive_cpu_20260719_144337,fits,specialized,tiny_int32_2d::header_read,tiny_int32_2d [header_read],header_read,n/a,torchfits-gpu-exhaustive-cpu-20260719-144337,torchfits_specialized,3.563240170478821e-05,278.21484375,fitsio,fitsio,2.9206275939941406e-05,278.21484375,1.2200255102040816,22.002551020408156,noise,,negligible
exhaustive_cpu_20260719_144337,fits,specialized,medium_uint16_2d::header_read,medium_uint16_2d [header_read],header_read,n/a,torchfits-gpu-exhaustive-cpu-20260719-144337,torchfits_specialized,4.080776125192642e-05,278.05859375,fitsio,fitsio,3.353506326675415e-05,278.05859375,1.2168684736725173,21.686847367251726,noise,,negligible
exhaustive_cpu_20260719_144337,fits,specialized,medium_int8_2d::header_read,medium_int8_2d [header_read],header_read,n/a,torchfits-gpu-exhaustive-cpu-20260719-144337,torchfits_specialized,4.097912460565567e-05,278.05859375,fitsio,fitsio,3.375392407178879e-05,278.05859375,1.2140551278867644,21.40551278867644,noise,,negligible
exhaustive_cpu_20260719_144337,fits,specialized,small_float64_3d::header_read,small_float64_3d [header_read],header_read,n/a,torchfits-gpu-exhaustive-cpu-20260719-144337,torchfits_specialized,3.792066127061844e-05,278.05859375,fitsio,fitsio,3.1638890504837036e-05,278.05859375,1.198545861297539,19.854586129753905,noise,,negligible
exhaustive_cpu_20260719_144337,fits,specialized,tiny_int8_2d::header_read,tiny_int8_2d [header_read],header_read,n/a,torchfits-gpu-exhaustive-cpu-20260719-144337,torchfits_specialized,4.0017999708652496e-05,278.21484375,fitsio,fitsio,3.384426236152649e-05,278.21484375,1.1824160704457898,18.241607044578977,noise,,negligible
exhaustive_cpu_20260719_144337,fits,specialized,tiny_int64_3d::header_read,tiny_int64_3d [header_read],header_read,n/a,torchfits-gpu-exhaustive-cpu-20260719-144337,torchfits_specialized,3.6094337701797485e-05,278.21484375,fitsio,fitsio,3.067776560783386e-05,278.21484375,1.1765634486945962,17.656344869459616,noise,,negligible
exhaustive_cpu_20260719_144337,fits,specialized,small_int64_3d::header_read,small_int64_3d [header_read],header_read,n/a,torchfits-gpu-exhaustive-cpu-20260719-144337,torchfits_specialized,3.831833600997925e-05,278.05859375,fitsio,fitsio,3.339443355798721e-05,278.05859375,1.1474468025769027,14.744680257690268,noise,,negligible
exhaustive_cpu_20260719_144337,fits,specialized,mef_medium::header_read,mef_medium [header_read],header_read,n/a,torchfits-gpu-exhaustive-cpu-20260719-144337,torchfits_specialized,4.9600377678871155e-05,278.05859375,fitsio,fitsio,4.331115633249283e-05,278.05859375,1.1452101924524245,14.52101924524245,noise,,negligible
exhaustive_cpu_20260719_144337,fits,specialized,multi_mef_10ext::header_read,multi_mef_10ext [header_read],header_read,n/a,torchfits-gpu-exhaustive-cpu-20260719-144337,torchfits_specialized,4.892796277999878e-05,278.05859375,fitsio,fitsio,4.3779611587524414e-05,278.05859375,1.1175970047651465,11.759700476514645,noise,,negligible
exhaustive_cpu_20260719_144337,fits,specialized,tiny_int8_1d::header_read,tiny_int8_1d [header_read],header_read,n/a,torchfits-gpu-exhaustive-cpu-20260719-144337,torchfits_specialized,3.712531179189682e-05,278.21484375,fitsio,fitsio,3.356393426656723e-05,278.21484375,1.1061072726768224,10.61072726768224,noise,,negligible
exhaustive_cpu_20260719_144337,fits,specialized,compressed_hcompress_1::read_full,compressed_hcompress_1 [read_full],read_full,off,torchfits-gpu-exhaustive-cpu-20260719-144337,torchfits_specialized,0.026297341100871563,290.71484375,fitsio,fitsio_torch,0.025505135767161846,290.71484375,1.0310606201410497,3.106062014104971,noise,,visible
exhaustive_cpu_20260719_144337,fits,specialized,compressed_hcompress_1::read_full,compressed_hcompress_1 [read_full],read_full,on,torchfits-gpu-exhaustive-cpu-20260719-144337,torchfits_specialized,0.04549803305417299,289.35546875,fitsio,fitsio_torch,0.04423171281814575,289.35546875,1.0286292380589825,2.8629238058982542,noise,,visible
exhaustive_cpu_20260719_144337,fitstable,smart,narrow_100000::read_full,narrow_100000 [read_full],read_full,off,torchfits-gpu-exhaustive-cpu-20260719-144337,torchfits,0.0006199842318892479,365.97265625,fitsio,fitsio_torch,0.0005840566009283066,365.97265625,1.0615139541336192,6.151395413361915,significant,100000,visible
exhaustive_cpu_20260719_144337,fitstable,smart,narrow_1000000::read_full,narrow_1000000 [read_full],read_full,off,torchfits-gpu-exhaustive-cpu-20260719-144337,torchfits,0.005442804656922817,384.015625,fitsio,fitsio_torch,0.005233420990407467,384.015625,1.040008947665234,4.000894766523411,noise,1000000,visible
exhaustive_cpu_20260719_144337,fitstable,specialized,narrow_1000000::predicate_filter,narrow_1000000 [predicate_filter],predicate_filter,on,torchfits-gpu-exhaustive-cpu-20260719-144337,torchfits_specialized,0.010052653029561043,390.5625,astropy,astropy,0.007834297604858875,390.5625,1.2831594530346067,28.315945303460666,significant,1000000,visible
exhaustive_cpu_20260719_144337,fitstable,specialized,narrow_1000000::predicate_filter,narrow_1000000 [predicate_filter],predicate_filter,off,torchfits-gpu-exhaustive-cpu-20260719-144337,torchfits_specialized,0.010117040015757084,388.1171875,astropy,astropy,0.008320484310388565,388.1171875,1.2159196073629301,21.591960736293014,significant,1000000,visible
exhaustive_cpu_20260719_144337,fitstable,specialized,mixed_1000000::predicate_filter,mixed_1000000 [predicate_filter],predicate_filter,on,torchfits-gpu-exhaustive-cpu-20260719-144337,torchfits_specialized,0.012430836446583271,424.95703125,astropy,astropy,0.01184816099703312,424.95703125,1.0491785560388704,4.917855603887045,noise,1000000,visible
