run_id,domain,suite,case_id,case_label,operation,family,library,method,mode,status,skip_reason,comparable,mmap_target,host,time_s,peak_rss_mb,peak_cuda_alloc_mb,throughput,unit,size_mb,n_points,metadata,best_in_family,rank_in_family,lag_ratio,pct_behind
20260718_124403,fits,megacam_cutouts,1722795p.fits::hdu1::megacam_cutouts,1722795p.fits.fz ext 1 [40 cutouts; rice],megacam_repeated_cutouts,baseline,torchfits,torchfits_naive,baseline,OK,,False,n/a,NRC-054711,0.3120519579970278,273.9375,,32.04594537456883,MB/s,10.0,40,"{""hdu"": 1, ""cutouts"": 40, ""source"": ""1722795p.fits.fz"", ""znaxis"": true, ""naxis1"": 2112, ""naxis2"": 4644, ""payload_mb"": 10.0}",False,,,
20260718_124403,fits,megacam_cutouts,1722795p.fits::hdu1::megacam_cutouts,1722795p.fits.fz ext 1 [40 cutouts; rice],megacam_repeated_cutouts,specialized,torchfits,torchfits_cached,specialized,OK,,True,n/a,NRC-054711,0.2860571669880301,273.953125,,34.958047390640786,MB/s,10.0,40,"{""hdu"": 1, ""cutouts"": 40, ""source"": ""1722795p.fits.fz"", ""znaxis"": true, ""naxis1"": 2112, ""naxis2"": 4644, ""payload_mb"": 10.0}",True,1,1.0,0.0
20260718_124403,fits,megacam_cutouts,1722795p.fits::hdu1::megacam_cutouts,1722795p.fits.fz ext 1 [40 cutouts; rice],megacam_repeated_cutouts,specialized,fitsio,fitsio_cached,specialized,OK,,True,n/a,NRC-054711,0.34131350001553074,273.96875,,29.298577406240806,MB/s,10.0,40,"{""hdu"": 1, ""cutouts"": 40, ""source"": ""1722795p.fits.fz"", ""znaxis"": true, ""naxis1"": 2112, ""naxis2"": 4644, ""payload_mb"": 10.0}",False,2,1.1931653508608397,19.316535086083974
20260718_124403,fits,megacam_cutouts,1722795p.fits::hdu1::megacam_cutouts,1722795p.fits.fz ext 1 [40 cutouts; rice],megacam_repeated_cutouts,materialize,torchfits,torchfits_materialize,materialize,OK,,True,n/a,NRC-054711,0.13769304199377075,280.6875,,72.62531101936437,MB/s,10.0,40,"{""hdu"": 1, ""cutouts"": 40, ""source"": ""1722795p.fits.fz"", ""znaxis"": true, ""naxis1"": 2112, ""naxis2"": 4644, ""payload_mb"": 10.0}",True,1,1.0,0.0
20260718_124403,fits,megacam_cutouts,1722795p.fits::hdu2::megacam_cutouts,1722795p.fits.fz ext 2 [40 cutouts; rice],megacam_repeated_cutouts,baseline,torchfits,torchfits_naive,baseline,OK,,False,n/a,NRC-054711,0.3171296250075102,287.5625,,31.53284717491525,MB/s,10.0,40,"{""hdu"": 2, ""cutouts"": 40, ""source"": ""1722795p.fits.fz"", ""znaxis"": true, ""naxis1"": 2112, ""naxis2"": 4644, ""payload_mb"": 10.0}",False,,,
20260718_124403,fits,megacam_cutouts,1722795p.fits::hdu2::megacam_cutouts,1722795p.fits.fz ext 2 [40 cutouts; rice],megacam_repeated_cutouts,specialized,torchfits,torchfits_cached,specialized,OK,,True,n/a,NRC-054711,0.2762151670176536,287.5625,,36.20366002335011,MB/s,10.0,40,"{""hdu"": 2, ""cutouts"": 40, ""source"": ""1722795p.fits.fz"", ""znaxis"": true, ""naxis1"": 2112, ""naxis2"": 4644, ""payload_mb"": 10.0}",True,1,1.0,0.0
20260718_124403,fits,megacam_cutouts,1722795p.fits::hdu2::megacam_cutouts,1722795p.fits.fz ext 2 [40 cutouts; rice],megacam_repeated_cutouts,specialized,fitsio,fitsio_cached,specialized,OK,,True,n/a,NRC-054711,0.3035908749734517,287.5625,,32.93906643562484,MB/s,10.0,40,"{""hdu"": 2, ""cutouts"": 40, ""source"": ""1722795p.fits.fz"", ""znaxis"": true, ""naxis1"": 2112, ""naxis2"": 4644, ""payload_mb"": 10.0}",False,2,1.0991100823730238,9.911008237302376
20260718_124403,fits,megacam_cutouts,1722795p.fits::hdu2::megacam_cutouts,1722795p.fits.fz ext 2 [40 cutouts; rice],megacam_repeated_cutouts,materialize,torchfits,torchfits_materialize,materialize,OK,,True,n/a,NRC-054711,0.13364520799950697,287.5625,,74.82497988283195,MB/s,10.0,40,"{""hdu"": 2, ""cutouts"": 40, ""source"": ""1722795p.fits.fz"", ""znaxis"": true, ""naxis1"": 2112, ""naxis2"": 4644, ""payload_mb"": 10.0}",True,1,1.0,0.0
20260718_124403,fits,megacam_cutouts,1722795p.fits::hdu3::megacam_cutouts,1722795p.fits.fz ext 3 [40 cutouts; rice],megacam_repeated_cutouts,baseline,torchfits,torchfits_naive,baseline,OK,,False,n/a,NRC-054711,0.32182254100916907,287.578125,,31.073025427746806,MB/s,10.0,40,"{""hdu"": 3, ""cutouts"": 40, ""source"": ""1722795p.fits.fz"", ""znaxis"": true, ""naxis1"": 2112, ""naxis2"": 4644, ""payload_mb"": 10.0}",False,,,
20260718_124403,fits,megacam_cutouts,1722795p.fits::hdu3::megacam_cutouts,1722795p.fits.fz ext 3 [40 cutouts; rice],megacam_repeated_cutouts,specialized,torchfits,torchfits_cached,specialized,OK,,True,n/a,NRC-054711,0.26790425000945106,287.578125,,37.32676879761043,MB/s,10.0,40,"{""hdu"": 3, ""cutouts"": 40, ""source"": ""1722795p.fits.fz"", ""znaxis"": true, ""naxis1"": 2112, ""naxis2"": 4644, ""payload_mb"": 10.0}",True,1,1.0,0.0
20260718_124403,fits,megacam_cutouts,1722795p.fits::hdu3::megacam_cutouts,1722795p.fits.fz ext 3 [40 cutouts; rice],megacam_repeated_cutouts,specialized,fitsio,fitsio_cached,specialized,OK,,True,n/a,NRC-054711,0.2943846249836497,287.578125,,33.969165341278966,MB/s,10.0,40,"{""hdu"": 3, ""cutouts"": 40, ""source"": ""1722795p.fits.fz"", ""znaxis"": true, ""naxis1"": 2112, ""naxis2"": 4644, ""payload_mb"": 10.0}",False,2,1.0988426834335943,9.884268343359427
20260718_124403,fits,megacam_cutouts,1722795p.fits::hdu3::megacam_cutouts,1722795p.fits.fz ext 3 [40 cutouts; rice],megacam_repeated_cutouts,materialize,torchfits,torchfits_materialize,materialize,OK,,True,n/a,NRC-054711,0.13015100001939572,289.796875,,76.83383146122391,MB/s,10.0,40,"{""hdu"": 3, ""cutouts"": 40, ""source"": ""1722795p.fits.fz"", ""znaxis"": true, ""naxis1"": 2112, ""naxis2"": 4644, ""payload_mb"": 10.0}",True,1,1.0,0.0
20260718_124403,fits,megacam_cutouts,1722795p.fits::hdu4::megacam_cutouts,1722795p.fits.fz ext 4 [40 cutouts; rice],megacam_repeated_cutouts,baseline,torchfits,torchfits_naive,baseline,OK,,False,n/a,NRC-054711,0.33158112500677817,289.84375,,30.1585320931509,MB/s,10.0,40,"{""hdu"": 4, ""cutouts"": 40, ""source"": ""1722795p.fits.fz"", ""znaxis"": true, ""naxis1"": 2112, ""naxis2"": 4644, ""payload_mb"": 10.0}",False,,,
20260718_124403,fits,megacam_cutouts,1722795p.fits::hdu4::megacam_cutouts,1722795p.fits.fz ext 4 [40 cutouts; rice],megacam_repeated_cutouts,specialized,torchfits,torchfits_cached,specialized,OK,,True,n/a,NRC-054711,0.2618092499906197,289.84375,,38.19574747782321,MB/s,10.0,40,"{""hdu"": 4, ""cutouts"": 40, ""source"": ""1722795p.fits.fz"", ""znaxis"": true, ""naxis1"": 2112, ""naxis2"": 4644, ""payload_mb"": 10.0}",True,1,1.0,0.0
20260718_124403,fits,megacam_cutouts,1722795p.fits::hdu4::megacam_cutouts,1722795p.fits.fz ext 4 [40 cutouts; rice],megacam_repeated_cutouts,specialized,fitsio,fitsio_cached,specialized,OK,,True,n/a,NRC-054711,0.28835775001789443,290.09375,,34.679144220605956,MB/s,10.0,40,"{""hdu"": 4, ""cutouts"": 40, ""source"": ""1722795p.fits.fz"", ""znaxis"": true, ""naxis1"": 2112, ""naxis2"": 4644, ""payload_mb"": 10.0}",False,2,1.1014039802956768,10.140398029567677
20260718_124403,fits,megacam_cutouts,1722795p.fits::hdu4::megacam_cutouts,1722795p.fits.fz ext 4 [40 cutouts; rice],megacam_repeated_cutouts,materialize,torchfits,torchfits_materialize,materialize,OK,,True,n/a,NRC-054711,0.12944874999811873,290.09375,,77.2506493893941,MB/s,10.0,40,"{""hdu"": 4, ""cutouts"": 40, ""source"": ""1722795p.fits.fz"", ""znaxis"": true, ""naxis1"": 2112, ""naxis2"": 4644, ""payload_mb"": 10.0}",True,1,1.0,0.0
20260718_124403,fits,megacam_cutouts,2366188o.fits::hdu1::megacam_cutouts,2366188o.fits.fz ext 1 [40 cutouts; rice],megacam_repeated_cutouts,baseline,torchfits,torchfits_naive,baseline,OK,,False,n/a,NRC-054711,0.2638768750184681,291.5625,,18.94823106287757,MB/s,5.0,40,"{""hdu"": 1, ""cutouts"": 40, ""source"": ""2366188o.fits.fz"", ""znaxis"": true, ""naxis1"": 2112, ""naxis2"": 4644, ""payload_mb"": 5.0}",False,,,
20260718_124403,fits,megacam_cutouts,2366188o.fits::hdu1::megacam_cutouts,2366188o.fits.fz ext 1 [40 cutouts; rice],megacam_repeated_cutouts,specialized,torchfits,torchfits_cached,specialized,OK,,True,n/a,NRC-054711,0.24907341701327823,291.5625,,20.074402398925805,MB/s,5.0,40,"{""hdu"": 1, ""cutouts"": 40, ""source"": ""2366188o.fits.fz"", ""znaxis"": true, ""naxis1"": 2112, ""naxis2"": 4644, ""payload_mb"": 5.0}",True,1,1.0,0.0
20260718_124403,fits,megacam_cutouts,2366188o.fits::hdu1::megacam_cutouts,2366188o.fits.fz ext 1 [40 cutouts; rice],megacam_repeated_cutouts,specialized,fitsio,fitsio_cached,specialized,OK,,True,n/a,NRC-054711,0.269783333002124,291.5625,,18.533391015525172,MB/s,5.0,40,"{""hdu"": 1, ""cutouts"": 40, ""source"": ""2366188o.fits.fz"", ""znaxis"": true, ""naxis1"": 2112, ""naxis2"": 4644, ""payload_mb"": 5.0}",False,2,1.0831478374416075,8.314783744160748
20260718_124403,fits,megacam_cutouts,2366188o.fits::hdu1::megacam_cutouts,2366188o.fits.fz ext 1 [40 cutouts; rice],megacam_repeated_cutouts,materialize,torchfits,torchfits_materialize,materialize,OK,,True,n/a,NRC-054711,0.11749904201133177,291.5625,,42.553538432405205,MB/s,5.0,40,"{""hdu"": 1, ""cutouts"": 40, ""source"": ""2366188o.fits.fz"", ""znaxis"": true, ""naxis1"": 2112, ""naxis2"": 4644, ""payload_mb"": 5.0}",True,1,1.0,0.0
20260718_124403,fits,megacam_cutouts,2366188o.fits::hdu2::megacam_cutouts,2366188o.fits.fz ext 2 [40 cutouts; rice],megacam_repeated_cutouts,baseline,torchfits,torchfits_naive,baseline,OK,,False,n/a,NRC-054711,0.27636370898108,291.578125,,18.092100509268757,MB/s,5.0,40,"{""hdu"": 2, ""cutouts"": 40, ""source"": ""2366188o.fits.fz"", ""znaxis"": true, ""naxis1"": 2112, ""naxis2"": 4644, ""payload_mb"": 5.0}",False,,,
20260718_124403,fits,megacam_cutouts,2366188o.fits::hdu2::megacam_cutouts,2366188o.fits.fz ext 2 [40 cutouts; rice],megacam_repeated_cutouts,specialized,torchfits,torchfits_cached,specialized,OK,,True,n/a,NRC-054711,0.250250999990385,291.578125,,19.979940140866997,MB/s,5.0,40,"{""hdu"": 2, ""cutouts"": 40, ""source"": ""2366188o.fits.fz"", ""znaxis"": true, ""naxis1"": 2112, ""naxis2"": 4644, ""payload_mb"": 5.0}",True,1,1.0,0.0
20260718_124403,fits,megacam_cutouts,2366188o.fits::hdu2::megacam_cutouts,2366188o.fits.fz ext 2 [40 cutouts; rice],megacam_repeated_cutouts,specialized,fitsio,fitsio_cached,specialized,OK,,True,n/a,NRC-054711,0.2623893750132993,291.578125,,19.055649641859826,MB/s,5.0,40,"{""hdu"": 2, ""cutouts"": 40, ""source"": ""2366188o.fits.fz"", ""znaxis"": true, ""naxis1"": 2112, ""naxis2"": 4644, ""payload_mb"": 5.0}",False,2,1.0485048012730445,4.850480127304446
20260718_124403,fits,megacam_cutouts,2366188o.fits::hdu2::megacam_cutouts,2366188o.fits.fz ext 2 [40 cutouts; rice],megacam_repeated_cutouts,materialize,torchfits,torchfits_materialize,materialize,OK,,True,n/a,NRC-054711,0.11394912499235943,291.671875,,43.879231194932494,MB/s,5.0,40,"{""hdu"": 2, ""cutouts"": 40, ""source"": ""2366188o.fits.fz"", ""znaxis"": true, ""naxis1"": 2112, ""naxis2"": 4644, ""payload_mb"": 5.0}",True,1,1.0,0.0
20260718_124403,fits,megacam_cutouts,2366188o.fits::hdu3::megacam_cutouts,2366188o.fits.fz ext 3 [40 cutouts; rice],megacam_repeated_cutouts,baseline,torchfits,torchfits_naive,baseline,OK,,False,n/a,NRC-054711,0.28289674999541603,291.703125,,17.674292829737418,MB/s,5.0,40,"{""hdu"": 3, ""cutouts"": 40, ""source"": ""2366188o.fits.fz"", ""znaxis"": true, ""naxis1"": 2112, ""naxis2"": 4644, ""payload_mb"": 5.0}",False,,,
20260718_124403,fits,megacam_cutouts,2366188o.fits::hdu3::megacam_cutouts,2366188o.fits.fz ext 3 [40 cutouts; rice],megacam_repeated_cutouts,specialized,torchfits,torchfits_cached,specialized,OK,,True,n/a,NRC-054711,0.23708625001017936,291.703125,,21.08937148310087,MB/s,5.0,40,"{""hdu"": 3, ""cutouts"": 40, ""source"": ""2366188o.fits.fz"", ""znaxis"": true, ""naxis1"": 2112, ""naxis2"": 4644, ""payload_mb"": 5.0}",True,1,1.0,0.0
20260718_124403,fits,megacam_cutouts,2366188o.fits::hdu3::megacam_cutouts,2366188o.fits.fz ext 3 [40 cutouts; rice],megacam_repeated_cutouts,specialized,fitsio,fitsio_cached,specialized,OK,,True,n/a,NRC-054711,0.2593497910129372,291.703125,,19.27898218260212,MB/s,5.0,40,"{""hdu"": 3, ""cutouts"": 40, ""source"": ""2366188o.fits.fz"", ""znaxis"": true, ""naxis1"": 2112, ""naxis2"": 4644, ""payload_mb"": 5.0}",False,2,1.0939048173472816,9.390481734728162
20260718_124403,fits,megacam_cutouts,2366188o.fits::hdu3::megacam_cutouts,2366188o.fits.fz ext 3 [40 cutouts; rice],megacam_repeated_cutouts,materialize,torchfits,torchfits_materialize,materialize,OK,,True,n/a,NRC-054711,0.11607479199301451,291.703125,,43.07567486574436,MB/s,5.0,40,"{""hdu"": 3, ""cutouts"": 40, ""source"": ""2366188o.fits.fz"", ""znaxis"": true, ""naxis1"": 2112, ""naxis2"": 4644, ""payload_mb"": 5.0}",True,1,1.0,0.0
20260718_124403,fits,megacam_cutouts,2366188o.fits::hdu4::megacam_cutouts,2366188o.fits.fz ext 4 [40 cutouts; rice],megacam_repeated_cutouts,baseline,torchfits,torchfits_naive,baseline,OK,,False,n/a,NRC-054711,0.28945220800233074,291.703125,,17.274008840726268,MB/s,5.0,40,"{""hdu"": 4, ""cutouts"": 40, ""source"": ""2366188o.fits.fz"", ""znaxis"": true, ""naxis1"": 2112, ""naxis2"": 4644, ""payload_mb"": 5.0}",False,,,
20260718_124403,fits,megacam_cutouts,2366188o.fits::hdu4::megacam_cutouts,2366188o.fits.fz ext 4 [40 cutouts; rice],megacam_repeated_cutouts,specialized,torchfits,torchfits_cached,specialized,OK,,True,n/a,NRC-054711,0.2357001250202302,291.703125,,21.213395621113264,MB/s,5.0,40,"{""hdu"": 4, ""cutouts"": 40, ""source"": ""2366188o.fits.fz"", ""znaxis"": true, ""naxis1"": 2112, ""naxis2"": 4644, ""payload_mb"": 5.0}",True,1,1.0,0.0
20260718_124403,fits,megacam_cutouts,2366188o.fits::hdu4::megacam_cutouts,2366188o.fits.fz ext 4 [40 cutouts; rice],megacam_repeated_cutouts,specialized,fitsio,fitsio_cached,specialized,OK,,True,n/a,NRC-054711,0.2607548749947455,291.703125,,19.175096918516886,MB/s,5.0,40,"{""hdu"": 4, ""cutouts"": 40, ""source"": ""2366188o.fits.fz"", ""znaxis"": true, ""naxis1"": 2112, ""naxis2"": 4644, ""payload_mb"": 5.0}",False,2,1.106299264679494,10.629926467949403
20260718_124403,fits,megacam_cutouts,2366188o.fits::hdu4::megacam_cutouts,2366188o.fits.fz ext 4 [40 cutouts; rice],megacam_repeated_cutouts,materialize,torchfits,torchfits_materialize,materialize,OK,,True,n/a,NRC-054711,0.1132435410108883,291.703125,,44.152628532864874,MB/s,5.0,40,"{""hdu"": 4, ""cutouts"": 40, ""source"": ""2366188o.fits.fz"", ""znaxis"": true, ""naxis1"": 2112, ""naxis2"": 4644, ""payload_mb"": 5.0}",True,1,1.0,0.0
20260718_124403,fits,megacam_cutouts,2366188p.fits::hdu1::megacam_cutouts,2366188p.fits.fz ext 1 [40 cutouts; rice],megacam_repeated_cutouts,baseline,torchfits,torchfits_naive,baseline,OK,,False,n/a,NRC-054711,0.25713616600842215,291.8125,,38.88990084604615,MB/s,10.0,40,"{""hdu"": 1, ""cutouts"": 40, ""source"": ""2366188p.fits.fz"", ""znaxis"": true, ""naxis1"": 2112, ""naxis2"": 4644, ""payload_mb"": 10.0}",False,,,
20260718_124403,fits,megacam_cutouts,2366188p.fits::hdu1::megacam_cutouts,2366188p.fits.fz ext 1 [40 cutouts; rice],megacam_repeated_cutouts,specialized,torchfits,torchfits_cached,specialized,OK,,True,n/a,NRC-054711,0.22707854199688882,292.0625,,44.03762641798629,MB/s,10.0,40,"{""hdu"": 1, ""cutouts"": 40, ""source"": ""2366188p.fits.fz"", ""znaxis"": true, ""naxis1"": 2112, ""naxis2"": 4644, ""payload_mb"": 10.0}",True,1,1.0,0.0
20260718_124403,fits,megacam_cutouts,2366188p.fits::hdu1::megacam_cutouts,2366188p.fits.fz ext 1 [40 cutouts; rice],megacam_repeated_cutouts,specialized,fitsio,fitsio_cached,specialized,OK,,True,n/a,NRC-054711,0.26450920797651634,292.0625,,37.805867238042694,MB/s,10.0,40,"{""hdu"": 1, ""cutouts"": 40, ""source"": ""2366188p.fits.fz"", ""znaxis"": true, ""naxis1"": 2112, ""naxis2"": 4644, ""payload_mb"": 10.0}",False,2,1.1648357684987265,16.483576849872648
20260718_124403,fits,megacam_cutouts,2366188p.fits::hdu1::megacam_cutouts,2366188p.fits.fz ext 1 [40 cutouts; rice],megacam_repeated_cutouts,materialize,torchfits,torchfits_materialize,materialize,OK,,True,n/a,NRC-054711,0.11350887498701923,292.0625,,88.09883809652409,MB/s,10.0,40,"{""hdu"": 1, ""cutouts"": 40, ""source"": ""2366188p.fits.fz"", ""znaxis"": true, ""naxis1"": 2112, ""naxis2"": 4644, ""payload_mb"": 10.0}",True,1,1.0,0.0
20260718_124403,fits,megacam_cutouts,2366188p.fits::hdu2::megacam_cutouts,2366188p.fits.fz ext 2 [40 cutouts; rice],megacam_repeated_cutouts,baseline,torchfits,torchfits_naive,baseline,OK,,False,n/a,NRC-054711,0.26091304200235754,295.0625,,38.326945725885345,MB/s,10.0,40,"{""hdu"": 2, ""cutouts"": 40, ""source"": ""2366188p.fits.fz"", ""znaxis"": true, ""naxis1"": 2112, ""naxis2"": 4644, ""payload_mb"": 10.0}",False,,,
20260718_124403,fits,megacam_cutouts,2366188p.fits::hdu2::megacam_cutouts,2366188p.fits.fz ext 2 [40 cutouts; rice],megacam_repeated_cutouts,specialized,torchfits,torchfits_cached,specialized,OK,,True,n/a,NRC-054711,0.22768854201422073,295.0625,,43.91964528182288,MB/s,10.0,40,"{""hdu"": 2, ""cutouts"": 40, ""source"": ""2366188p.fits.fz"", ""znaxis"": true, ""naxis1"": 2112, ""naxis2"": 4644, ""payload_mb"": 10.0}",True,1,1.0,0.0
20260718_124403,fits,megacam_cutouts,2366188p.fits::hdu2::megacam_cutouts,2366188p.fits.fz ext 2 [40 cutouts; rice],megacam_repeated_cutouts,specialized,fitsio,fitsio_cached,specialized,OK,,True,n/a,NRC-054711,0.2485191670130007,295.0625,,40.23834507491679,MB/s,10.0,40,"{""hdu"": 2, ""cutouts"": 40, ""source"": ""2366188p.fits.fz"", ""znaxis"": true, ""naxis1"": 2112, ""naxis2"": 4644, ""payload_mb"": 10.0}",False,2,1.0914873660945088,9.14873660945088
20260718_124403,fits,megacam_cutouts,2366188p.fits::hdu2::megacam_cutouts,2366188p.fits.fz ext 2 [40 cutouts; rice],megacam_repeated_cutouts,materialize,torchfits,torchfits_materialize,materialize,OK,,True,n/a,NRC-054711,0.1090177500154823,296.0625,,91.72818186561213,MB/s,10.0,40,"{""hdu"": 2, ""cutouts"": 40, ""source"": ""2366188p.fits.fz"", ""znaxis"": true, ""naxis1"": 2112, ""naxis2"": 4644, ""payload_mb"": 10.0}",True,1,1.0,0.0
20260718_124403,fits,megacam_cutouts,2366188p.fits::hdu3::megacam_cutouts,2366188p.fits.fz ext 3 [40 cutouts; rice],megacam_repeated_cutouts,baseline,torchfits,torchfits_naive,baseline,OK,,False,n/a,NRC-054711,0.27291349999723025,296.8125,,36.6416465294003,MB/s,10.0,40,"{""hdu"": 3, ""cutouts"": 40, ""source"": ""2366188p.fits.fz"", ""znaxis"": true, ""naxis1"": 2112, ""naxis2"": 4644, ""payload_mb"": 10.0}",False,,,
20260718_124403,fits,megacam_cutouts,2366188p.fits::hdu3::megacam_cutouts,2366188p.fits.fz ext 3 [40 cutouts; rice],megacam_repeated_cutouts,specialized,torchfits,torchfits_cached,specialized,OK,,True,n/a,NRC-054711,0.2363047499966342,296.8125,,42.31823524555657,MB/s,10.0,40,"{""hdu"": 3, ""cutouts"": 40, ""source"": ""2366188p.fits.fz"", ""znaxis"": true, ""naxis1"": 2112, ""naxis2"": 4644, ""payload_mb"": 10.0}",True,1,1.0,0.0
20260718_124403,fits,megacam_cutouts,2366188p.fits::hdu3::megacam_cutouts,2366188p.fits.fz ext 3 [40 cutouts; rice],megacam_repeated_cutouts,specialized,fitsio,fitsio_cached,specialized,OK,,True,n/a,NRC-054711,0.2508363329980057,296.8125,,39.866632877620276,MB/s,10.0,40,"{""hdu"": 3, ""cutouts"": 40, ""source"": ""2366188p.fits.fz"", ""znaxis"": true, ""naxis1"": 2112, ""naxis2"": 4644, ""payload_mb"": 10.0}",False,2,1.061495094794237,6.149509479423698
20260718_124403,fits,megacam_cutouts,2366188p.fits::hdu3::megacam_cutouts,2366188p.fits.fz ext 3 [40 cutouts; rice],megacam_repeated_cutouts,materialize,torchfits,torchfits_materialize,materialize,OK,,True,n/a,NRC-054711,0.1115932080138009,296.8125,,89.61118851214748,MB/s,10.0,40,"{""hdu"": 3, ""cutouts"": 40, ""source"": ""2366188p.fits.fz"", ""znaxis"": true, ""naxis1"": 2112, ""naxis2"": 4644, ""payload_mb"": 10.0}",True,1,1.0,0.0
20260718_124403,fits,megacam_cutouts,2366188p.fits::hdu4::megacam_cutouts,2366188p.fits.fz ext 4 [40 cutouts; rice],megacam_repeated_cutouts,baseline,torchfits,torchfits_naive,baseline,OK,,False,n/a,NRC-054711,0.28365845800726674,296.8125,,35.25366410806556,MB/s,10.0,40,"{""hdu"": 4, ""cutouts"": 40, ""source"": ""2366188p.fits.fz"", ""znaxis"": true, ""naxis1"": 2112, ""naxis2"": 4644, ""payload_mb"": 10.0}",False,,,
20260718_124403,fits,megacam_cutouts,2366188p.fits::hdu4::megacam_cutouts,2366188p.fits.fz ext 4 [40 cutouts; rice],megacam_repeated_cutouts,specialized,torchfits,torchfits_cached,specialized,OK,,True,n/a,NRC-054711,0.2258667910064105,296.8125,,44.27388353747047,MB/s,10.0,40,"{""hdu"": 4, ""cutouts"": 40, ""source"": ""2366188p.fits.fz"", ""znaxis"": true, ""naxis1"": 2112, ""naxis2"": 4644, ""payload_mb"": 10.0}",True,1,1.0,0.0
20260718_124403,fits,megacam_cutouts,2366188p.fits::hdu4::megacam_cutouts,2366188p.fits.fz ext 4 [40 cutouts; rice],megacam_repeated_cutouts,specialized,fitsio,fitsio_cached,specialized,OK,,True,n/a,NRC-054711,0.2580146669934038,296.8125,,38.757486605424845,MB/s,10.0,40,"{""hdu"": 4, ""cutouts"": 40, ""source"": ""2366188p.fits.fz"", ""znaxis"": true, ""naxis1"": 2112, ""naxis2"": 4644, ""payload_mb"": 10.0}",False,2,1.1423311317425184,14.233113174251844
20260718_124403,fits,megacam_cutouts,2366188p.fits::hdu4::megacam_cutouts,2366188p.fits.fz ext 4 [40 cutouts; rice],megacam_repeated_cutouts,materialize,torchfits,torchfits_materialize,materialize,OK,,True,n/a,NRC-054711,0.1096172500110697,296.8125,,91.22651771495956,MB/s,10.0,40,"{""hdu"": 4, ""cutouts"": 40, ""source"": ""2366188p.fits.fz"", ""znaxis"": true, ""naxis1"": 2112, ""naxis2"": 4644, ""payload_mb"": 10.0}",True,1,1.0,0.0
20260718_124403,fits,megacam_cutouts,2366432o.fits::hdu1::megacam_cutouts,2366432o.fits.fz ext 1 [40 cutouts; rice],megacam_repeated_cutouts,baseline,torchfits,torchfits_naive,baseline,OK,,False,n/a,NRC-054711,0.23562566700275056,297.828125,,21.22009908174237,MB/s,5.0,40,"{""hdu"": 1, ""cutouts"": 40, ""source"": ""2366432o.fits.fz"", ""znaxis"": true, ""naxis1"": 2112, ""naxis2"": 4644, ""payload_mb"": 5.0}",False,,,
20260718_124403,fits,megacam_cutouts,2366432o.fits::hdu1::megacam_cutouts,2366432o.fits.fz ext 1 [40 cutouts; rice],megacam_repeated_cutouts,specialized,torchfits,torchfits_cached,specialized,OK,,True,n/a,NRC-054711,0.21778762500616722,297.828125,,22.958145578098904,MB/s,5.0,40,"{""hdu"": 1, ""cutouts"": 40, ""source"": ""2366432o.fits.fz"", ""znaxis"": true, ""naxis1"": 2112, ""naxis2"": 4644, ""payload_mb"": 5.0}",True,1,1.0,0.0
20260718_124403,fits,megacam_cutouts,2366432o.fits::hdu1::megacam_cutouts,2366432o.fits.fz ext 1 [40 cutouts; rice],megacam_repeated_cutouts,specialized,fitsio,fitsio_cached,specialized,OK,,True,n/a,NRC-054711,0.24183779099257663,297.828125,,20.675015180540903,MB/s,5.0,40,"{""hdu"": 1, ""cutouts"": 40, ""source"": ""2366432o.fits.fz"", ""znaxis"": true, ""naxis1"": 2112, ""naxis2"": 4644, ""payload_mb"": 5.0}",False,2,1.110429442378686,11.042944237868602
20260718_124403,fits,megacam_cutouts,2366432o.fits::hdu1::megacam_cutouts,2366432o.fits.fz ext 1 [40 cutouts; rice],megacam_repeated_cutouts,materialize,torchfits,torchfits_materialize,materialize,OK,,True,n/a,NRC-054711,0.10548833399661817,297.828125,,47.39860618293862,MB/s,5.0,40,"{""hdu"": 1, ""cutouts"": 40, ""source"": ""2366432o.fits.fz"", ""znaxis"": true, ""naxis1"": 2112, ""naxis2"": 4644, ""payload_mb"": 5.0}",True,1,1.0,0.0
20260718_124403,fits,megacam_cutouts,2366432o.fits::hdu2::megacam_cutouts,2366432o.fits.fz ext 2 [40 cutouts; rice],megacam_repeated_cutouts,baseline,torchfits,torchfits_naive,baseline,OK,,False,n/a,NRC-054711,0.2509155000152532,297.84375,,19.927027225085933,MB/s,5.0,40,"{""hdu"": 2, ""cutouts"": 40, ""source"": ""2366432o.fits.fz"", ""znaxis"": true, ""naxis1"": 2112, ""naxis2"": 4644, ""payload_mb"": 5.0}",False,,,
20260718_124403,fits,megacam_cutouts,2366432o.fits::hdu2::megacam_cutouts,2366432o.fits.fz ext 2 [40 cutouts; rice],megacam_repeated_cutouts,specialized,torchfits,torchfits_cached,specialized,OK,,True,n/a,NRC-054711,0.22833012501359917,297.84375,,21.898117910206565,MB/s,5.0,40,"{""hdu"": 2, ""cutouts"": 40, ""source"": ""2366432o.fits.fz"", ""znaxis"": true, ""naxis1"": 2112, ""naxis2"": 4644, ""payload_mb"": 5.0}",True,1,1.0,0.0
20260718_124403,fits,megacam_cutouts,2366432o.fits::hdu2::megacam_cutouts,2366432o.fits.fz ext 2 [40 cutouts; rice],megacam_repeated_cutouts,specialized,fitsio,fitsio_cached,specialized,OK,,True,n/a,NRC-054711,0.23955129200476222,297.84375,,20.872356638763616,MB/s,5.0,40,"{""hdu"": 2, ""cutouts"": 40, ""source"": ""2366432o.fits.fz"", ""znaxis"": true, ""naxis1"": 2112, ""naxis2"": 4644, ""payload_mb"": 5.0}",False,2,1.0491444875725213,4.914448757252132
20260718_124403,fits,megacam_cutouts,2366432o.fits::hdu2::megacam_cutouts,2366432o.fits.fz ext 2 [40 cutouts; rice],megacam_repeated_cutouts,materialize,torchfits,torchfits_materialize,materialize,OK,,True,n/a,NRC-054711,0.10274387497338466,297.84375,,48.66470143641387,MB/s,5.0,40,"{""hdu"": 2, ""cutouts"": 40, ""source"": ""2366432o.fits.fz"", ""znaxis"": true, ""naxis1"": 2112, ""naxis2"": 4644, ""payload_mb"": 5.0}",True,1,1.0,0.0
20260718_124403,fits,megacam_cutouts,2366432o.fits::hdu3::megacam_cutouts,2366432o.fits.fz ext 3 [40 cutouts; rice],megacam_repeated_cutouts,baseline,torchfits,torchfits_naive,baseline,OK,,False,n/a,NRC-054711,0.2595899160078261,297.84375,,19.261148803057743,MB/s,5.0,40,"{""hdu"": 3, ""cutouts"": 40, ""source"": ""2366432o.fits.fz"", ""znaxis"": true, ""naxis1"": 2112, ""naxis2"": 4644, ""payload_mb"": 5.0}",False,,,
20260718_124403,fits,megacam_cutouts,2366432o.fits::hdu3::megacam_cutouts,2366432o.fits.fz ext 3 [40 cutouts; rice],megacam_repeated_cutouts,specialized,torchfits,torchfits_cached,specialized,OK,,True,n/a,NRC-054711,0.2152172499918379,297.84375,,23.23233848675989,MB/s,5.0,40,"{""hdu"": 3, ""cutouts"": 40, ""source"": ""2366432o.fits.fz"", ""znaxis"": true, ""naxis1"": 2112, ""naxis2"": 4644, ""payload_mb"": 5.0}",True,1,1.0,0.0
20260718_124403,fits,megacam_cutouts,2366432o.fits::hdu3::megacam_cutouts,2366432o.fits.fz ext 3 [40 cutouts; rice],megacam_repeated_cutouts,specialized,fitsio,fitsio_cached,specialized,OK,,True,n/a,NRC-054711,0.2362361669947859,297.84375,,21.16526044088058,MB/s,5.0,40,"{""hdu"": 3, ""cutouts"": 40, ""source"": ""2366432o.fits.fz"", ""znaxis"": true, ""naxis1"": 2112, ""naxis2"": 4644, ""payload_mb"": 5.0}",False,2,1.0976637188875202,9.766371888752023
20260718_124403,fits,megacam_cutouts,2366432o.fits::hdu3::megacam_cutouts,2366432o.fits.fz ext 3 [40 cutouts; rice],megacam_repeated_cutouts,materialize,torchfits,torchfits_materialize,materialize,OK,,True,n/a,NRC-054711,0.10117112498846836,297.84375,,49.42121579225206,MB/s,5.0,40,"{""hdu"": 3, ""cutouts"": 40, ""source"": ""2366432o.fits.fz"", ""znaxis"": true, ""naxis1"": 2112, ""naxis2"": 4644, ""payload_mb"": 5.0}",True,1,1.0,0.0
20260718_124403,fits,megacam_cutouts,2366432o.fits::hdu4::megacam_cutouts,2366432o.fits.fz ext 4 [40 cutouts; rice],megacam_repeated_cutouts,baseline,torchfits,torchfits_naive,baseline,OK,,False,n/a,NRC-054711,0.26307604199973866,297.84375,,19.005911606367285,MB/s,5.0,40,"{""hdu"": 4, ""cutouts"": 40, ""source"": ""2366432o.fits.fz"", ""znaxis"": true, ""naxis1"": 2112, ""naxis2"": 4644, ""payload_mb"": 5.0}",False,,,
20260718_124403,fits,megacam_cutouts,2366432o.fits::hdu4::megacam_cutouts,2366432o.fits.fz ext 4 [40 cutouts; rice],megacam_repeated_cutouts,specialized,torchfits,torchfits_cached,specialized,OK,,True,n/a,NRC-054711,0.21349191598710604,297.84375,,23.420090530743927,MB/s,5.0,40,"{""hdu"": 4, ""cutouts"": 40, ""source"": ""2366432o.fits.fz"", ""znaxis"": true, ""naxis1"": 2112, ""naxis2"": 4644, ""payload_mb"": 5.0}",True,1,1.0,0.0
20260718_124403,fits,megacam_cutouts,2366432o.fits::hdu4::megacam_cutouts,2366432o.fits.fz ext 4 [40 cutouts; rice],megacam_repeated_cutouts,specialized,fitsio,fitsio_cached,specialized,OK,,True,n/a,NRC-054711,0.23535000000265427,297.84375,,21.244954323108605,MB/s,5.0,40,"{""hdu"": 4, ""cutouts"": 40, ""source"": ""2366432o.fits.fz"", ""znaxis"": true, ""naxis1"": 2112, ""naxis2"": 4644, ""payload_mb"": 5.0}",False,2,1.1023836612945492,10.238366129454924
20260718_124403,fits,megacam_cutouts,2366432o.fits::hdu4::megacam_cutouts,2366432o.fits.fz ext 4 [40 cutouts; rice],megacam_repeated_cutouts,materialize,torchfits,torchfits_materialize,materialize,OK,,True,n/a,NRC-054711,0.10297129099490121,297.84375,,48.55722358815122,MB/s,5.0,40,"{""hdu"": 4, ""cutouts"": 40, ""source"": ""2366432o.fits.fz"", ""znaxis"": true, ""naxis1"": 2112, ""naxis2"": 4644, ""payload_mb"": 5.0}",True,1,1.0,0.0
20260718_124403,fits,megacam_cutouts,2366432p.fits::hdu1::megacam_cutouts,2366432p.fits.fz ext 1 [40 cutouts; rice],megacam_repeated_cutouts,baseline,torchfits,torchfits_naive,baseline,OK,,False,n/a,NRC-054711,0.23323079198598862,297.859375,,42.87598526270387,MB/s,10.0,40,"{""hdu"": 1, ""cutouts"": 40, ""source"": ""2366432p.fits.fz"", ""znaxis"": true, ""naxis1"": 2112, ""naxis2"": 4644, ""payload_mb"": 10.0}",False,,,
20260718_124403,fits,megacam_cutouts,2366432p.fits::hdu1::megacam_cutouts,2366432p.fits.fz ext 1 [40 cutouts; rice],megacam_repeated_cutouts,specialized,torchfits,torchfits_cached,specialized,OK,,True,n/a,NRC-054711,0.21454370900755748,297.859375,,46.61054871409789,MB/s,10.0,40,"{""hdu"": 1, ""cutouts"": 40, ""source"": ""2366432p.fits.fz"", ""znaxis"": true, ""naxis1"": 2112, ""naxis2"": 4644, ""payload_mb"": 10.0}",True,1,1.0,0.0
20260718_124403,fits,megacam_cutouts,2366432p.fits::hdu1::megacam_cutouts,2366432p.fits.fz ext 1 [40 cutouts; rice],megacam_repeated_cutouts,specialized,fitsio,fitsio_cached,specialized,OK,,True,n/a,NRC-054711,0.25991870899451897,297.859375,,38.47356751918491,MB/s,10.0,40,"{""hdu"": 1, ""cutouts"": 40, ""source"": ""2366432p.fits.fz"", ""znaxis"": true, ""naxis1"": 2112, ""naxis2"": 4644, ""payload_mb"": 10.0}",False,2,1.211495364729446,21.149536472944597
20260718_124403,fits,megacam_cutouts,2366432p.fits::hdu1::megacam_cutouts,2366432p.fits.fz ext 1 [40 cutouts; rice],megacam_repeated_cutouts,materialize,torchfits,torchfits_materialize,materialize,OK,,True,n/a,NRC-054711,0.10577208301401697,297.859375,,94.54290503737924,MB/s,10.0,40,"{""hdu"": 1, ""cutouts"": 40, ""source"": ""2366432p.fits.fz"", ""znaxis"": true, ""naxis1"": 2112, ""naxis2"": 4644, ""payload_mb"": 10.0}",True,1,1.0,0.0
20260718_124403,fits,megacam_cutouts,2366432p.fits::hdu2::megacam_cutouts,2366432p.fits.fz ext 2 [40 cutouts; rice],megacam_repeated_cutouts,baseline,torchfits,torchfits_naive,baseline,OK,,False,n/a,NRC-054711,0.25069433299358934,297.859375,,39.889214409388806,MB/s,10.0,40,"{""hdu"": 2, ""cutouts"": 40, ""source"": ""2366432p.fits.fz"", ""znaxis"": true, ""naxis1"": 2112, ""naxis2"": 4644, ""payload_mb"": 10.0}",False,,,
20260718_124403,fits,megacam_cutouts,2366432p.fits::hdu2::megacam_cutouts,2366432p.fits.fz ext 2 [40 cutouts; rice],megacam_repeated_cutouts,specialized,torchfits,torchfits_cached,specialized,OK,,True,n/a,NRC-054711,0.2170661250129342,297.859375,,46.06891102609463,MB/s,10.0,40,"{""hdu"": 2, ""cutouts"": 40, ""source"": ""2366432p.fits.fz"", ""znaxis"": true, ""naxis1"": 2112, ""naxis2"": 4644, ""payload_mb"": 10.0}",True,1,1.0,0.0
20260718_124403,fits,megacam_cutouts,2366432p.fits::hdu2::megacam_cutouts,2366432p.fits.fz ext 2 [40 cutouts; rice],megacam_repeated_cutouts,specialized,fitsio,fitsio_cached,specialized,OK,,True,n/a,NRC-054711,0.2423266250116285,297.859375,,41.26661690402419,MB/s,10.0,40,"{""hdu"": 2, ""cutouts"": 40, ""source"": ""2366432p.fits.fz"", ""znaxis"": true, ""naxis1"": 2112, ""naxis2"": 4644, ""payload_mb"": 10.0}",False,2,1.116372372691451,11.637237269145096
20260718_124403,fits,megacam_cutouts,2366432p.fits::hdu2::megacam_cutouts,2366432p.fits.fz ext 2 [40 cutouts; rice],megacam_repeated_cutouts,materialize,torchfits,torchfits_materialize,materialize,OK,,True,n/a,NRC-054711,0.10580629200558178,297.859375,,94.51233769228443,MB/s,10.0,40,"{""hdu"": 2, ""cutouts"": 40, ""source"": ""2366432p.fits.fz"", ""znaxis"": true, ""naxis1"": 2112, ""naxis2"": 4644, ""payload_mb"": 10.0}",True,1,1.0,0.0
20260718_124403,fits,megacam_cutouts,2366432p.fits::hdu3::megacam_cutouts,2366432p.fits.fz ext 3 [40 cutouts; rice],megacam_repeated_cutouts,baseline,torchfits,torchfits_naive,baseline,OK,,False,n/a,NRC-054711,0.2626564590027556,297.859375,,38.07254555234481,MB/s,10.0,40,"{""hdu"": 3, ""cutouts"": 40, ""source"": ""2366432p.fits.fz"", ""znaxis"": true, ""naxis1"": 2112, ""naxis2"": 4644, ""payload_mb"": 10.0}",False,,,
20260718_124403,fits,megacam_cutouts,2366432p.fits::hdu3::megacam_cutouts,2366432p.fits.fz ext 3 [40 cutouts; rice],megacam_repeated_cutouts,specialized,torchfits,torchfits_cached,specialized,OK,,True,n/a,NRC-054711,0.2161541249952279,297.859375,,46.26328551546621,MB/s,10.0,40,"{""hdu"": 3, ""cutouts"": 40, ""source"": ""2366432p.fits.fz"", ""znaxis"": true, ""naxis1"": 2112, ""naxis2"": 4644, ""payload_mb"": 10.0}",True,1,1.0,0.0
20260718_124403,fits,megacam_cutouts,2366432p.fits::hdu3::megacam_cutouts,2366432p.fits.fz ext 3 [40 cutouts; rice],megacam_repeated_cutouts,specialized,fitsio,fitsio_cached,specialized,OK,,True,n/a,NRC-054711,0.24667950000730343,297.859375,,40.53843144527182,MB/s,10.0,40,"{""hdu"": 3, ""cutouts"": 40, ""source"": ""2366432p.fits.fz"", ""znaxis"": true, ""naxis1"": 2112, ""naxis2"": 4644, ""payload_mb"": 10.0}",False,2,1.1412204139650328,14.122041396503281
20260718_124403,fits,megacam_cutouts,2366432p.fits::hdu3::megacam_cutouts,2366432p.fits.fz ext 3 [40 cutouts; rice],megacam_repeated_cutouts,materialize,torchfits,torchfits_materialize,materialize,OK,,True,n/a,NRC-054711,0.10675108298892155,297.859375,,93.67586463771785,MB/s,10.0,40,"{""hdu"": 3, ""cutouts"": 40, ""source"": ""2366432p.fits.fz"", ""znaxis"": true, ""naxis1"": 2112, ""naxis2"": 4644, ""payload_mb"": 10.0}",True,1,1.0,0.0
20260718_124403,fits,megacam_cutouts,2366432p.fits::hdu4::megacam_cutouts,2366432p.fits.fz ext 4 [40 cutouts; rice],megacam_repeated_cutouts,baseline,torchfits,torchfits_naive,baseline,OK,,False,n/a,NRC-054711,0.21257079098722897,297.875,,47.043151853355006,MB/s,10.0,40,"{""hdu"": 4, ""cutouts"": 40, ""source"": ""2366432p.fits.fz"", ""znaxis"": true, ""naxis1"": 2112, ""naxis2"": 4644, ""payload_mb"": 10.0}",False,,,
20260718_124403,fits,megacam_cutouts,2366432p.fits::hdu4::megacam_cutouts,2366432p.fits.fz ext 4 [40 cutouts; rice],megacam_repeated_cutouts,specialized,torchfits,torchfits_cached,specialized,OK,,True,n/a,NRC-054711,0.2145355419779662,297.875,,46.61232310414582,MB/s,10.0,40,"{""hdu"": 4, ""cutouts"": 40, ""source"": ""2366432p.fits.fz"", ""znaxis"": true, ""naxis1"": 2112, ""naxis2"": 4644, ""payload_mb"": 10.0}",False,2,1.0513237887906095,5.13237887906095
20260718_124403,fits,megacam_cutouts,2366432p.fits::hdu4::megacam_cutouts,2366432p.fits.fz ext 4 [40 cutouts; rice],megacam_repeated_cutouts,specialized,fitsio,fitsio_cached,specialized,OK,,True,n/a,NRC-054711,0.2040622920030728,297.875,,49.004644130182655,MB/s,10.0,40,"{""hdu"": 4, ""cutouts"": 40, ""source"": ""2366432p.fits.fz"", ""znaxis"": true, ""naxis1"": 2112, ""naxis2"": 4644, ""payload_mb"": 10.0}",True,1,1.0,0.0
20260718_124403,fits,megacam_cutouts,2366432p.fits::hdu4::megacam_cutouts,2366432p.fits.fz ext 4 [40 cutouts; rice],megacam_repeated_cutouts,materialize,torchfits,torchfits_materialize,materialize,OK,,True,n/a,NRC-054711,0.08195545800845139,297.875,,122.01749880976546,MB/s,10.0,40,"{""hdu"": 4, ""cutouts"": 40, ""source"": ""2366432p.fits.fz"", ""znaxis"": true, ""naxis1"": 2112, ""naxis2"": 4644, ""payload_mb"": 10.0}",True,1,1.0,0.0
20260718_124403,fits,megacam_cutouts,2376828o.fits::hdu1::megacam_cutouts,2376828o.fits.fz ext 1 [40 cutouts; rice],megacam_repeated_cutouts,baseline,torchfits,torchfits_naive,baseline,OK,,False,n/a,NRC-054711,0.1647467080038041,297.890625,,30.349620096108673,MB/s,5.0,40,"{""hdu"": 1, ""cutouts"": 40, ""source"": ""2376828o.fits.fz"", ""znaxis"": true, ""naxis1"": 2112, ""naxis2"": 4644, ""payload_mb"": 5.0}",False,,,
20260718_124403,fits,megacam_cutouts,2376828o.fits::hdu1::megacam_cutouts,2376828o.fits.fz ext 1 [40 cutouts; rice],megacam_repeated_cutouts,specialized,torchfits,torchfits_cached,specialized,OK,,True,n/a,NRC-054711,0.15314733298146166,297.890625,,32.64829953392166,MB/s,5.0,40,"{""hdu"": 1, ""cutouts"": 40, ""source"": ""2376828o.fits.fz"", ""znaxis"": true, ""naxis1"": 2112, ""naxis2"": 4644, ""payload_mb"": 5.0}",True,1,1.0,0.0
20260718_124403,fits,megacam_cutouts,2376828o.fits::hdu1::megacam_cutouts,2376828o.fits.fz ext 1 [40 cutouts; rice],megacam_repeated_cutouts,specialized,fitsio,fitsio_cached,specialized,OK,,True,n/a,NRC-054711,0.16706899998825975,297.890625,,29.927754402979364,MB/s,5.0,40,"{""hdu"": 1, ""cutouts"": 40, ""source"": ""2376828o.fits.fz"", ""znaxis"": true, ""naxis1"": 2112, ""naxis2"": 4644, ""payload_mb"": 5.0}",False,2,1.0909037508898918,9.090375088989177
20260718_124403,fits,megacam_cutouts,2376828o.fits::hdu1::megacam_cutouts,2376828o.fits.fz ext 1 [40 cutouts; rice],megacam_repeated_cutouts,materialize,torchfits,torchfits_materialize,materialize,OK,,True,n/a,NRC-054711,0.07307558300090022,297.890625,,68.42230735180593,MB/s,5.0,40,"{""hdu"": 1, ""cutouts"": 40, ""source"": ""2376828o.fits.fz"", ""znaxis"": true, ""naxis1"": 2112, ""naxis2"": 4644, ""payload_mb"": 5.0}",True,1,1.0,0.0
20260718_124403,fits,megacam_cutouts,2376828o.fits::hdu2::megacam_cutouts,2376828o.fits.fz ext 2 [40 cutouts; rice],megacam_repeated_cutouts,baseline,torchfits,torchfits_naive,baseline,OK,,False,n/a,NRC-054711,0.17229250000673346,297.890625,,29.020415861425146,MB/s,5.0,40,"{""hdu"": 2, ""cutouts"": 40, ""source"": ""2376828o.fits.fz"", ""znaxis"": true, ""naxis1"": 2112, ""naxis2"": 4644, ""payload_mb"": 5.0}",False,,,
20260718_124403,fits,megacam_cutouts,2376828o.fits::hdu2::megacam_cutouts,2376828o.fits.fz ext 2 [40 cutouts; rice],megacam_repeated_cutouts,specialized,torchfits,torchfits_cached,specialized,OK,,True,n/a,NRC-054711,0.15367704100208357,297.890625,,32.53576440173786,MB/s,5.0,40,"{""hdu"": 2, ""cutouts"": 40, ""source"": ""2376828o.fits.fz"", ""znaxis"": true, ""naxis1"": 2112, ""naxis2"": 4644, ""payload_mb"": 5.0}",True,1,1.0,0.0
20260718_124403,fits,megacam_cutouts,2376828o.fits::hdu2::megacam_cutouts,2376828o.fits.fz ext 2 [40 cutouts; rice],megacam_repeated_cutouts,specialized,fitsio,fitsio_cached,specialized,OK,,True,n/a,NRC-054711,0.16864879202330485,297.890625,,29.64741069303996,MB/s,5.0,40,"{""hdu"": 2, ""cutouts"": 40, ""source"": ""2376828o.fits.fz"", ""znaxis"": true, ""naxis1"": 2112, ""naxis2"": 4644, ""payload_mb"": 5.0}",False,2,1.0974234727815868,9.74234727815868
20260718_124403,fits,megacam_cutouts,2376828o.fits::hdu2::megacam_cutouts,2376828o.fits.fz ext 2 [40 cutouts; rice],megacam_repeated_cutouts,materialize,torchfits,torchfits_materialize,materialize,OK,,True,n/a,NRC-054711,0.07411116600269452,297.890625,,67.46621689663081,MB/s,5.0,40,"{""hdu"": 2, ""cutouts"": 40, ""source"": ""2376828o.fits.fz"", ""znaxis"": true, ""naxis1"": 2112, ""naxis2"": 4644, ""payload_mb"": 5.0}",True,1,1.0,0.0
20260718_124403,fits,megacam_cutouts,2376828o.fits::hdu3::megacam_cutouts,2376828o.fits.fz ext 3 [40 cutouts; rice],megacam_repeated_cutouts,baseline,torchfits,torchfits_naive,baseline,OK,,False,n/a,NRC-054711,0.2305599160026759,297.90625,,21.686336838975816,MB/s,5.0,40,"{""hdu"": 3, ""cutouts"": 40, ""source"": ""2376828o.fits.fz"", ""znaxis"": true, ""naxis1"": 2112, ""naxis2"": 4644, ""payload_mb"": 5.0}",False,,,
20260718_124403,fits,megacam_cutouts,2376828o.fits::hdu3::megacam_cutouts,2376828o.fits.fz ext 3 [40 cutouts; rice],megacam_repeated_cutouts,specialized,torchfits,torchfits_cached,specialized,OK,,True,n/a,NRC-054711,0.17199058400001377,297.90625,,29.07135892974001,MB/s,5.0,40,"{""hdu"": 3, ""cutouts"": 40, ""source"": ""2376828o.fits.fz"", ""znaxis"": true, ""naxis1"": 2112, ""naxis2"": 4644, ""payload_mb"": 5.0}",True,1,1.0,0.0
20260718_124403,fits,megacam_cutouts,2376828o.fits::hdu3::megacam_cutouts,2376828o.fits.fz ext 3 [40 cutouts; rice],megacam_repeated_cutouts,specialized,fitsio,fitsio_cached,specialized,OK,,True,n/a,NRC-054711,0.17788612499134615,297.90625,,28.107869572420228,MB/s,5.0,40,"{""hdu"": 3, ""cutouts"": 40, ""source"": ""2376828o.fits.fz"", ""znaxis"": true, ""naxis1"": 2112, ""naxis2"": 4644, ""payload_mb"": 5.0}",False,2,1.0342782776488038,3.4278277648803757
20260718_124403,fits,megacam_cutouts,2376828o.fits::hdu3::megacam_cutouts,2376828o.fits.fz ext 3 [40 cutouts; rice],megacam_repeated_cutouts,materialize,torchfits,torchfits_materialize,materialize,OK,,True,n/a,NRC-054711,0.08362354198470712,297.90625,,59.79177491566177,MB/s,5.0,40,"{""hdu"": 3, ""cutouts"": 40, ""source"": ""2376828o.fits.fz"", ""znaxis"": true, ""naxis1"": 2112, ""naxis2"": 4644, ""payload_mb"": 5.0}",True,1,1.0,0.0
20260718_124403,fits,megacam_cutouts,2376828o.fits::hdu4::megacam_cutouts,2376828o.fits.fz ext 4 [40 cutouts; rice],megacam_repeated_cutouts,baseline,torchfits,torchfits_naive,baseline,OK,,False,n/a,NRC-054711,0.18612454200047068,297.90625,,26.863732994369737,MB/s,5.0,40,"{""hdu"": 4, ""cutouts"": 40, ""source"": ""2376828o.fits.fz"", ""znaxis"": true, ""naxis1"": 2112, ""naxis2"": 4644, ""payload_mb"": 5.0}",False,,,
20260718_124403,fits,megacam_cutouts,2376828o.fits::hdu4::megacam_cutouts,2376828o.fits.fz ext 4 [40 cutouts; rice],megacam_repeated_cutouts,specialized,torchfits,torchfits_cached,specialized,OK,,True,n/a,NRC-054711,0.15385741699719802,297.90625,,32.49762083352184,MB/s,5.0,40,"{""hdu"": 4, ""cutouts"": 40, ""source"": ""2376828o.fits.fz"", ""znaxis"": true, ""naxis1"": 2112, ""naxis2"": 4644, ""payload_mb"": 5.0}",True,1,1.0,0.0
20260718_124403,fits,megacam_cutouts,2376828o.fits::hdu4::megacam_cutouts,2376828o.fits.fz ext 4 [40 cutouts; rice],megacam_repeated_cutouts,specialized,fitsio,fitsio_cached,specialized,OK,,True,n/a,NRC-054711,0.16699820899521,297.90625,,29.940440859119718,MB/s,5.0,40,"{""hdu"": 4, ""cutouts"": 40, ""source"": ""2376828o.fits.fz"", ""znaxis"": true, ""naxis1"": 2112, ""naxis2"": 4644, ""payload_mb"": 5.0}",False,2,1.0854088951607144,8.540889516071438
20260718_124403,fits,megacam_cutouts,2376828o.fits::hdu4::megacam_cutouts,2376828o.fits.fz ext 4 [40 cutouts; rice],megacam_repeated_cutouts,materialize,torchfits,torchfits_materialize,materialize,OK,,True,n/a,NRC-054711,0.07373033300973475,297.90625,,67.81469438555013,MB/s,5.0,40,"{""hdu"": 4, ""cutouts"": 40, ""source"": ""2376828o.fits.fz"", ""znaxis"": true, ""naxis1"": 2112, ""naxis2"": 4644, ""payload_mb"": 5.0}",True,1,1.0,0.0
20260718_124403,fits,megacam_cutouts,2376828p.fits::hdu1::megacam_cutouts,2376828p.fits.fz ext 1 [40 cutouts; rice],megacam_repeated_cutouts,baseline,torchfits,torchfits_naive,baseline,OK,,False,n/a,NRC-054711,0.1923215419810731,297.9375,,51.99625531800347,MB/s,10.0,40,"{""hdu"": 1, ""cutouts"": 40, ""source"": ""2376828p.fits.fz"", ""znaxis"": true, ""naxis1"": 2112, ""naxis2"": 4644, ""payload_mb"": 10.0}",False,,,
20260718_124403,fits,megacam_cutouts,2376828p.fits::hdu1::megacam_cutouts,2376828p.fits.fz ext 1 [40 cutouts; rice],megacam_repeated_cutouts,specialized,torchfits,torchfits_cached,specialized,OK,,True,n/a,NRC-054711,0.16732595799840055,297.9375,,59.76359029778027,MB/s,10.0,40,"{""hdu"": 1, ""cutouts"": 40, ""source"": ""2376828p.fits.fz"", ""znaxis"": true, ""naxis1"": 2112, ""naxis2"": 4644, ""payload_mb"": 10.0}",True,1,1.0,0.0
20260718_124403,fits,megacam_cutouts,2376828p.fits::hdu1::megacam_cutouts,2376828p.fits.fz ext 1 [40 cutouts; rice],megacam_repeated_cutouts,specialized,fitsio,fitsio_cached,specialized,OK,,True,n/a,NRC-054711,0.19573495798977092,297.9375,,51.08949419511766,MB/s,10.0,40,"{""hdu"": 1, ""cutouts"": 40, ""source"": ""2376828p.fits.fz"", ""znaxis"": true, ""naxis1"": 2112, ""naxis2"": 4644, ""payload_mb"": 10.0}",False,2,1.1697823836253902,16.978238362539024
20260718_124403,fits,megacam_cutouts,2376828p.fits::hdu1::megacam_cutouts,2376828p.fits.fz ext 1 [40 cutouts; rice],megacam_repeated_cutouts,materialize,torchfits,torchfits_materialize,materialize,OK,,True,n/a,NRC-054711,0.09476141701452434,297.9375,,105.52818135325343,MB/s,10.0,40,"{""hdu"": 1, ""cutouts"": 40, ""source"": ""2376828p.fits.fz"", ""znaxis"": true, ""naxis1"": 2112, ""naxis2"": 4644, ""payload_mb"": 10.0}",True,1,1.0,0.0
20260718_124403,fits,megacam_cutouts,2376828p.fits::hdu2::megacam_cutouts,2376828p.fits.fz ext 2 [40 cutouts; rice],megacam_repeated_cutouts,baseline,torchfits,torchfits_naive,baseline,OK,,False,n/a,NRC-054711,0.17617979197530076,297.953125,,56.76019870316304,MB/s,10.0,40,"{""hdu"": 2, ""cutouts"": 40, ""source"": ""2376828p.fits.fz"", ""znaxis"": true, ""naxis1"": 2112, ""naxis2"": 4644, ""payload_mb"": 10.0}",False,,,
20260718_124403,fits,megacam_cutouts,2376828p.fits::hdu2::megacam_cutouts,2376828p.fits.fz ext 2 [40 cutouts; rice],megacam_repeated_cutouts,specialized,torchfits,torchfits_cached,specialized,OK,,True,n/a,NRC-054711,0.15556841701618396,297.953125,,64.28039952967889,MB/s,10.0,40,"{""hdu"": 2, ""cutouts"": 40, ""source"": ""2376828p.fits.fz"", ""znaxis"": true, ""naxis1"": 2112, ""naxis2"": 4644, ""payload_mb"": 10.0}",True,1,1.0,0.0
20260718_124403,fits,megacam_cutouts,2376828p.fits::hdu2::megacam_cutouts,2376828p.fits.fz ext 2 [40 cutouts; rice],megacam_repeated_cutouts,specialized,fitsio,fitsio_cached,specialized,OK,,True,n/a,NRC-054711,0.17201750000822358,297.953125,,58.133620123080114,MB/s,10.0,40,"{""hdu"": 2, ""cutouts"": 40, ""source"": ""2376828p.fits.fz"", ""znaxis"": true, ""naxis1"": 2112, ""naxis2"": 4644, ""payload_mb"": 10.0}",False,2,1.1057353626625153,10.573536266251526
20260718_124403,fits,megacam_cutouts,2376828p.fits::hdu2::megacam_cutouts,2376828p.fits.fz ext 2 [40 cutouts; rice],megacam_repeated_cutouts,materialize,torchfits,torchfits_materialize,materialize,OK,,True,n/a,NRC-054711,0.07842966698808596,297.953125,,127.50277266278682,MB/s,10.0,40,"{""hdu"": 2, ""cutouts"": 40, ""source"": ""2376828p.fits.fz"", ""znaxis"": true, ""naxis1"": 2112, ""naxis2"": 4644, ""payload_mb"": 10.0}",True,1,1.0,0.0
20260718_124403,fits,megacam_cutouts,2376828p.fits::hdu3::megacam_cutouts,2376828p.fits.fz ext 3 [40 cutouts; rice],megacam_repeated_cutouts,baseline,torchfits,torchfits_naive,baseline,OK,,False,n/a,NRC-054711,0.1873373749840539,297.953125,,53.37963127139577,MB/s,10.0,40,"{""hdu"": 3, ""cutouts"": 40, ""source"": ""2376828p.fits.fz"", ""znaxis"": true, ""naxis1"": 2112, ""naxis2"": 4644, ""payload_mb"": 10.0}",False,,,
20260718_124403,fits,megacam_cutouts,2376828p.fits::hdu3::megacam_cutouts,2376828p.fits.fz ext 3 [40 cutouts; rice],megacam_repeated_cutouts,specialized,torchfits,torchfits_cached,specialized,OK,,True,n/a,NRC-054711,0.15819754099356942,297.953125,,63.21210770530555,MB/s,10.0,40,"{""hdu"": 3, ""cutouts"": 40, ""source"": ""2376828p.fits.fz"", ""znaxis"": true, ""naxis1"": 2112, ""naxis2"": 4644, ""payload_mb"": 10.0}",True,1,1.0,0.0
20260718_124403,fits,megacam_cutouts,2376828p.fits::hdu3::megacam_cutouts,2376828p.fits.fz ext 3 [40 cutouts; rice],megacam_repeated_cutouts,specialized,fitsio,fitsio_cached,specialized,OK,,True,n/a,NRC-054711,0.1729992909822613,297.953125,,57.80370510897274,MB/s,10.0,40,"{""hdu"": 3, ""cutouts"": 40, ""source"": ""2376828p.fits.fz"", ""znaxis"": true, ""naxis1"": 2112, ""naxis2"": 4644, ""payload_mb"": 10.0}",False,2,1.0935649814512196,9.35649814512196
20260718_124403,fits,megacam_cutouts,2376828p.fits::hdu3::megacam_cutouts,2376828p.fits.fz ext 3 [40 cutouts; rice],megacam_repeated_cutouts,materialize,torchfits,torchfits_materialize,materialize,OK,,True,n/a,NRC-054711,0.07826624999870546,297.953125,,127.76899366157701,MB/s,10.0,40,"{""hdu"": 3, ""cutouts"": 40, ""source"": ""2376828p.fits.fz"", ""znaxis"": true, ""naxis1"": 2112, ""naxis2"": 4644, ""payload_mb"": 10.0}",True,1,1.0,0.0
20260718_124403,fits,megacam_cutouts,2376828p.fits::hdu4::megacam_cutouts,2376828p.fits.fz ext 4 [40 cutouts; rice],megacam_repeated_cutouts,baseline,torchfits,torchfits_naive,baseline,OK,,False,n/a,NRC-054711,0.22268050001002848,298.453125,,44.90738973349551,MB/s,10.0,40,"{""hdu"": 4, ""cutouts"": 40, ""source"": ""2376828p.fits.fz"", ""znaxis"": true, ""naxis1"": 2112, ""naxis2"": 4644, ""payload_mb"": 10.0}",False,,,
20260718_124403,fits,megacam_cutouts,2376828p.fits::hdu4::megacam_cutouts,2376828p.fits.fz ext 4 [40 cutouts; rice],megacam_repeated_cutouts,specialized,torchfits,torchfits_cached,specialized,OK,,True,n/a,NRC-054711,0.17476175000774674,298.453125,,57.220759116664404,MB/s,10.0,40,"{""hdu"": 4, ""cutouts"": 40, ""source"": ""2376828p.fits.fz"", ""znaxis"": true, ""naxis1"": 2112, ""naxis2"": 4644, ""payload_mb"": 10.0}",True,1,1.0,0.0
20260718_124403,fits,megacam_cutouts,2376828p.fits::hdu4::megacam_cutouts,2376828p.fits.fz ext 4 [40 cutouts; rice],megacam_repeated_cutouts,specialized,fitsio,fitsio_cached,specialized,OK,,True,n/a,NRC-054711,0.21246616600546986,298.453125,,47.06631737188007,MB/s,10.0,40,"{""hdu"": 4, ""cutouts"": 40, ""source"": ""2376828p.fits.fz"", ""znaxis"": true, ""naxis1"": 2112, ""naxis2"": 4644, ""payload_mb"": 10.0}",False,2,1.2157475305440222,21.57475305440222
20260718_124403,fits,megacam_cutouts,2376828p.fits::hdu4::megacam_cutouts,2376828p.fits.fz ext 4 [40 cutouts; rice],megacam_repeated_cutouts,materialize,torchfits,torchfits_materialize,materialize,OK,,True,n/a,NRC-054711,0.08462999999755993,298.453125,,118.16140848739597,MB/s,10.0,40,"{""hdu"": 4, ""cutouts"": 40, ""source"": ""2376828p.fits.fz"", ""znaxis"": true, ""naxis1"": 2112, ""naxis2"": 4644, ""payload_mb"": 10.0}",True,1,1.0,0.0
20260718_124403,fits,megacam_cutouts,2480747o.fits::hdu1::megacam_cutouts,2480747o.fits.fz ext 1 [40 cutouts; rice],megacam_repeated_cutouts,baseline,torchfits,torchfits_naive,baseline,OK,,False,n/a,NRC-054711,0.16057487498619594,298.46875,,31.138121704468603,MB/s,5.0,40,"{""hdu"": 1, ""cutouts"": 40, ""source"": ""2480747o.fits.fz"", ""znaxis"": true, ""naxis1"": 2112, ""naxis2"": 4644, ""payload_mb"": 5.0}",False,,,
20260718_124403,fits,megacam_cutouts,2480747o.fits::hdu1::megacam_cutouts,2480747o.fits.fz ext 1 [40 cutouts; rice],megacam_repeated_cutouts,specialized,torchfits,torchfits_cached,specialized,OK,,True,n/a,NRC-054711,0.14799370800028555,298.46875,,33.78522011213039,MB/s,5.0,40,"{""hdu"": 1, ""cutouts"": 40, ""source"": ""2480747o.fits.fz"", ""znaxis"": true, ""naxis1"": 2112, ""naxis2"": 4644, ""payload_mb"": 5.0}",True,1,1.0,0.0
20260718_124403,fits,megacam_cutouts,2480747o.fits::hdu1::megacam_cutouts,2480747o.fits.fz ext 1 [40 cutouts; rice],megacam_repeated_cutouts,specialized,fitsio,fitsio_cached,specialized,OK,,True,n/a,NRC-054711,0.16272120899520814,298.46875,,30.727401983273374,MB/s,5.0,40,"{""hdu"": 1, ""cutouts"": 40, ""source"": ""2480747o.fits.fz"", ""znaxis"": true, ""naxis1"": 2112, ""naxis2"": 4644, ""payload_mb"": 5.0}",False,2,1.0995143725630159,9.951437256301588
20260718_124403,fits,megacam_cutouts,2480747o.fits::hdu1::megacam_cutouts,2480747o.fits.fz ext 1 [40 cutouts; rice],megacam_repeated_cutouts,materialize,torchfits,torchfits_materialize,materialize,OK,,True,n/a,NRC-054711,0.07071845800965093,298.46875,,70.70289908354127,MB/s,5.0,40,"{""hdu"": 1, ""cutouts"": 40, ""source"": ""2480747o.fits.fz"", ""znaxis"": true, ""naxis1"": 2112, ""naxis2"": 4644, ""payload_mb"": 5.0}",True,1,1.0,0.0
20260718_124403,fits,megacam_cutouts,2480747o.fits::hdu2::megacam_cutouts,2480747o.fits.fz ext 2 [40 cutouts; rice],megacam_repeated_cutouts,baseline,torchfits,torchfits_naive,baseline,OK,,False,n/a,NRC-054711,0.1631502090021968,298.46875,,30.646604932836315,MB/s,5.0,40,"{""hdu"": 2, ""cutouts"": 40, ""source"": ""2480747o.fits.fz"", ""znaxis"": true, ""naxis1"": 2112, ""naxis2"": 4644, ""payload_mb"": 5.0}",False,,,
20260718_124403,fits,megacam_cutouts,2480747o.fits::hdu2::megacam_cutouts,2480747o.fits.fz ext 2 [40 cutouts; rice],megacam_repeated_cutouts,specialized,torchfits,torchfits_cached,specialized,OK,,True,n/a,NRC-054711,0.1440869579964783,298.46875,,34.701266995463996,MB/s,5.0,40,"{""hdu"": 2, ""cutouts"": 40, ""source"": ""2480747o.fits.fz"", ""znaxis"": true, ""naxis1"": 2112, ""naxis2"": 4644, ""payload_mb"": 5.0}",True,1,1.0,0.0
20260718_124403,fits,megacam_cutouts,2480747o.fits::hdu2::megacam_cutouts,2480747o.fits.fz ext 2 [40 cutouts; rice],megacam_repeated_cutouts,specialized,fitsio,fitsio_cached,specialized,OK,,True,n/a,NRC-054711,0.1600742500158958,298.46875,,31.235504770464246,MB/s,5.0,40,"{""hdu"": 2, ""cutouts"": 40, ""source"": ""2480747o.fits.fz"", ""znaxis"": true, ""naxis1"": 2112, ""naxis2"": 4644, ""payload_mb"": 5.0}",False,2,1.1109558577800516,11.095585778005157
20260718_124403,fits,megacam_cutouts,2480747o.fits::hdu2::megacam_cutouts,2480747o.fits.fz ext 2 [40 cutouts; rice],megacam_repeated_cutouts,materialize,torchfits,torchfits_materialize,materialize,OK,,True,n/a,NRC-054711,0.06914166698697954,298.46875,,72.31529434981049,MB/s,5.0,40,"{""hdu"": 2, ""cutouts"": 40, ""source"": ""2480747o.fits.fz"", ""znaxis"": true, ""naxis1"": 2112, ""naxis2"": 4644, ""payload_mb"": 5.0}",True,1,1.0,0.0
20260718_124403,fits,megacam_cutouts,2480747o.fits::hdu3::megacam_cutouts,2480747o.fits.fz ext 3 [40 cutouts; rice],megacam_repeated_cutouts,baseline,torchfits,torchfits_naive,baseline,OK,,False,n/a,NRC-054711,0.18117041600635275,298.46875,,27.598324882273687,MB/s,5.0,40,"{""hdu"": 3, ""cutouts"": 40, ""source"": ""2480747o.fits.fz"", ""znaxis"": true, ""naxis1"": 2112, ""naxis2"": 4644, ""payload_mb"": 5.0}",False,,,
20260718_124403,fits,megacam_cutouts,2480747o.fits::hdu3::megacam_cutouts,2480747o.fits.fz ext 3 [40 cutouts; rice],megacam_repeated_cutouts,specialized,torchfits,torchfits_cached,specialized,OK,,True,n/a,NRC-054711,0.14470970799447969,298.46875,,34.551932066580754,MB/s,5.0,40,"{""hdu"": 3, ""cutouts"": 40, ""source"": ""2480747o.fits.fz"", ""znaxis"": true, ""naxis1"": 2112, ""naxis2"": 4644, ""payload_mb"": 5.0}",True,1,1.0,0.0
20260718_124403,fits,megacam_cutouts,2480747o.fits::hdu3::megacam_cutouts,2480747o.fits.fz ext 3 [40 cutouts; rice],megacam_repeated_cutouts,specialized,fitsio,fitsio_cached,specialized,OK,,True,n/a,NRC-054711,0.15905566699802876,298.46875,,31.435535082581918,MB/s,5.0,40,"{""hdu"": 3, ""cutouts"": 40, ""source"": ""2480747o.fits.fz"", ""znaxis"": true, ""naxis1"": 2112, ""naxis2"": 4644, ""payload_mb"": 5.0}",False,2,1.0991361201841159,9.913612018411587
20260718_124403,fits,megacam_cutouts,2480747o.fits::hdu3::megacam_cutouts,2480747o.fits.fz ext 3 [40 cutouts; rice],megacam_repeated_cutouts,materialize,torchfits,torchfits_materialize,materialize,OK,,True,n/a,NRC-054711,0.0708577919867821,298.46875,,70.56386968609897,MB/s,5.0,40,"{""hdu"": 3, ""cutouts"": 40, ""source"": ""2480747o.fits.fz"", ""znaxis"": true, ""naxis1"": 2112, ""naxis2"": 4644, ""payload_mb"": 5.0}",True,1,1.0,0.0
20260718_124403,fits,megacam_cutouts,2480747o.fits::hdu4::megacam_cutouts,2480747o.fits.fz ext 4 [40 cutouts; rice],megacam_repeated_cutouts,baseline,torchfits,torchfits_naive,baseline,OK,,False,n/a,NRC-054711,0.20039825001731515,298.484375,,24.95031767776406,MB/s,5.0,40,"{""hdu"": 4, ""cutouts"": 40, ""source"": ""2480747o.fits.fz"", ""znaxis"": true, ""naxis1"": 2112, ""naxis2"": 4644, ""payload_mb"": 5.0}",False,,,
20260718_124403,fits,megacam_cutouts,2480747o.fits::hdu4::megacam_cutouts,2480747o.fits.fz ext 4 [40 cutouts; rice],megacam_repeated_cutouts,specialized,torchfits,torchfits_cached,specialized,OK,,True,n/a,NRC-054711,0.15502354098134674,298.484375,,32.25316599239355,MB/s,5.0,40,"{""hdu"": 4, ""cutouts"": 40, ""source"": ""2480747o.fits.fz"", ""znaxis"": true, ""naxis1"": 2112, ""naxis2"": 4644, ""payload_mb"": 5.0}",True,1,1.0,0.0
20260718_124403,fits,megacam_cutouts,2480747o.fits::hdu4::megacam_cutouts,2480747o.fits.fz ext 4 [40 cutouts; rice],megacam_repeated_cutouts,specialized,fitsio,fitsio_cached,specialized,OK,,True,n/a,NRC-054711,0.17654995797784068,298.484375,,28.320595809077254,MB/s,5.0,40,"{""hdu"": 4, ""cutouts"": 40, ""source"": ""2480747o.fits.fz"", ""znaxis"": true, ""naxis1"": 2112, ""naxis2"": 4644, ""payload_mb"": 5.0}",False,2,1.1388590201218802,13.885902012188023
20260718_124403,fits,megacam_cutouts,2480747o.fits::hdu4::megacam_cutouts,2480747o.fits.fz ext 4 [40 cutouts; rice],megacam_repeated_cutouts,materialize,torchfits,torchfits_materialize,materialize,OK,,True,n/a,NRC-054711,0.07378983398666605,298.484375,,67.76001150651062,MB/s,5.0,40,"{""hdu"": 4, ""cutouts"": 40, ""source"": ""2480747o.fits.fz"", ""znaxis"": true, ""naxis1"": 2112, ""naxis2"": 4644, ""payload_mb"": 5.0}",True,1,1.0,0.0
20260718_124403,fits,megacam_cutouts,2583975o.fits::hdu1::megacam_cutouts,2583975o.fits.fz ext 1 [40 cutouts; rice],megacam_repeated_cutouts,baseline,torchfits,torchfits_naive,baseline,OK,,False,n/a,NRC-054711,0.15934391701011918,298.484375,,31.378668817853107,MB/s,5.0,40,"{""hdu"": 1, ""cutouts"": 40, ""source"": ""2583975o.fits.fz"", ""znaxis"": true, ""naxis1"": 2112, ""naxis2"": 4644, ""payload_mb"": 5.0}",False,,,
20260718_124403,fits,megacam_cutouts,2583975o.fits::hdu1::megacam_cutouts,2583975o.fits.fz ext 1 [40 cutouts; rice],megacam_repeated_cutouts,specialized,torchfits,torchfits_cached,specialized,OK,,True,n/a,NRC-054711,0.14750241601723246,298.484375,,33.897749847133746,MB/s,5.0,40,"{""hdu"": 1, ""cutouts"": 40, ""source"": ""2583975o.fits.fz"", ""znaxis"": true, ""naxis1"": 2112, ""naxis2"": 4644, ""payload_mb"": 5.0}",True,1,1.0,0.0
20260718_124403,fits,megacam_cutouts,2583975o.fits::hdu1::megacam_cutouts,2583975o.fits.fz ext 1 [40 cutouts; rice],megacam_repeated_cutouts,specialized,fitsio,fitsio_cached,specialized,OK,,True,n/a,NRC-054711,0.16189587500412017,298.484375,,30.884048156710307,MB/s,5.0,40,"{""hdu"": 1, ""cutouts"": 40, ""source"": ""2583975o.fits.fz"", ""znaxis"": true, ""naxis1"": 2112, ""naxis2"": 4644, ""payload_mb"": 5.0}",False,2,1.0975811744344997,9.758117443449965
20260718_124403,fits,megacam_cutouts,2583975o.fits::hdu1::megacam_cutouts,2583975o.fits.fz ext 1 [40 cutouts; rice],megacam_repeated_cutouts,materialize,torchfits,torchfits_materialize,materialize,OK,,True,n/a,NRC-054711,0.0701678330078721,298.484375,,71.25772288619847,MB/s,5.0,40,"{""hdu"": 1, ""cutouts"": 40, ""source"": ""2583975o.fits.fz"", ""znaxis"": true, ""naxis1"": 2112, ""naxis2"": 4644, ""payload_mb"": 5.0}",True,1,1.0,0.0
20260718_124403,fits,megacam_cutouts,2583975o.fits::hdu2::megacam_cutouts,2583975o.fits.fz ext 2 [40 cutouts; rice],megacam_repeated_cutouts,baseline,torchfits,torchfits_naive,baseline,OK,,False,n/a,NRC-054711,0.1678785000112839,298.484375,,29.783444572496933,MB/s,5.0,40,"{""hdu"": 2, ""cutouts"": 40, ""source"": ""2583975o.fits.fz"", ""znaxis"": true, ""naxis1"": 2112, ""naxis2"": 4644, ""payload_mb"": 5.0}",False,,,
20260718_124403,fits,megacam_cutouts,2583975o.fits::hdu2::megacam_cutouts,2583975o.fits.fz ext 2 [40 cutouts; rice],megacam_repeated_cutouts,specialized,torchfits,torchfits_cached,specialized,OK,,True,n/a,NRC-054711,0.15104341600090265,298.484375,,33.10306488281567,MB/s,5.0,40,"{""hdu"": 2, ""cutouts"": 40, ""source"": ""2583975o.fits.fz"", ""znaxis"": true, ""naxis1"": 2112, ""naxis2"": 4644, ""payload_mb"": 5.0}",True,1,1.0,0.0
20260718_124403,fits,megacam_cutouts,2583975o.fits::hdu2::megacam_cutouts,2583975o.fits.fz ext 2 [40 cutouts; rice],megacam_repeated_cutouts,specialized,fitsio,fitsio_cached,specialized,OK,,True,n/a,NRC-054711,0.1693721670017112,298.484375,,29.520788973252518,MB/s,5.0,40,"{""hdu"": 2, ""cutouts"": 40, ""source"": ""2583975o.fits.fz"", ""znaxis"": true, ""naxis1"": 2112, ""naxis2"": 4644, ""payload_mb"": 5.0}",False,2,1.1213475667201476,12.134756672014756
20260718_124403,fits,megacam_cutouts,2583975o.fits::hdu2::megacam_cutouts,2583975o.fits.fz ext 2 [40 cutouts; rice],megacam_repeated_cutouts,materialize,torchfits,torchfits_materialize,materialize,OK,,True,n/a,NRC-054711,0.07673162501305342,298.484375,,65.16218051096156,MB/s,5.0,40,"{""hdu"": 2, ""cutouts"": 40, ""source"": ""2583975o.fits.fz"", ""znaxis"": true, ""naxis1"": 2112, ""naxis2"": 4644, ""payload_mb"": 5.0}",True,1,1.0,0.0
20260718_124403,fits,megacam_cutouts,2583975o.fits::hdu3::megacam_cutouts,2583975o.fits.fz ext 3 [40 cutouts; rice],megacam_repeated_cutouts,baseline,torchfits,torchfits_naive,baseline,OK,,False,n/a,NRC-054711,0.24357654197956435,298.484375,,20.52742829569972,MB/s,5.0,40,"{""hdu"": 3, ""cutouts"": 40, ""source"": ""2583975o.fits.fz"", ""znaxis"": true, ""naxis1"": 2112, ""naxis2"": 4644, ""payload_mb"": 5.0}",False,,,
20260718_124403,fits,megacam_cutouts,2583975o.fits::hdu3::megacam_cutouts,2583975o.fits.fz ext 3 [40 cutouts; rice],megacam_repeated_cutouts,specialized,torchfits,torchfits_cached,specialized,OK,,True,n/a,NRC-054711,0.20811949999188073,298.484375,,24.02465891084239,MB/s,5.0,40,"{""hdu"": 3, ""cutouts"": 40, ""source"": ""2583975o.fits.fz"", ""znaxis"": true, ""naxis1"": 2112, ""naxis2"": 4644, ""payload_mb"": 5.0}",True,1,1.0,0.0
20260718_124403,fits,megacam_cutouts,2583975o.fits::hdu3::megacam_cutouts,2583975o.fits.fz ext 3 [40 cutouts; rice],megacam_repeated_cutouts,specialized,fitsio,fitsio_cached,specialized,OK,,True,n/a,NRC-054711,0.2296215420064982,298.484375,,21.77496046890279,MB/s,5.0,40,"{""hdu"": 3, ""cutouts"": 40, ""source"": ""2583975o.fits.fz"", ""znaxis"": true, ""naxis1"": 2112, ""naxis2"": 4644, ""payload_mb"": 5.0}",False,2,1.1033158450575575,10.331584505755753
20260718_124403,fits,megacam_cutouts,2583975o.fits::hdu3::megacam_cutouts,2583975o.fits.fz ext 3 [40 cutouts; rice],megacam_repeated_cutouts,materialize,torchfits,torchfits_materialize,materialize,OK,,True,n/a,NRC-054711,0.09895924999727868,298.484375,,50.52584776195754,MB/s,5.0,40,"{""hdu"": 3, ""cutouts"": 40, ""source"": ""2583975o.fits.fz"", ""znaxis"": true, ""naxis1"": 2112, ""naxis2"": 4644, ""payload_mb"": 5.0}",True,1,1.0,0.0
20260718_124403,fits,megacam_cutouts,2583975o.fits::hdu4::megacam_cutouts,2583975o.fits.fz ext 4 [40 cutouts; rice],megacam_repeated_cutouts,baseline,torchfits,torchfits_naive,baseline,OK,,False,n/a,NRC-054711,0.18275016601546668,298.484375,,27.35975626734498,MB/s,5.0,40,"{""hdu"": 4, ""cutouts"": 40, ""source"": ""2583975o.fits.fz"", ""znaxis"": true, ""naxis1"": 2112, ""naxis2"": 4644, ""payload_mb"": 5.0}",False,,,
20260718_124403,fits,megacam_cutouts,2583975o.fits::hdu4::megacam_cutouts,2583975o.fits.fz ext 4 [40 cutouts; rice],megacam_repeated_cutouts,specialized,torchfits,torchfits_cached,specialized,OK,,True,n/a,NRC-054711,0.14907070898334496,298.484375,,33.54112980410276,MB/s,5.0,40,"{""hdu"": 4, ""cutouts"": 40, ""source"": ""2583975o.fits.fz"", ""znaxis"": true, ""naxis1"": 2112, ""naxis2"": 4644, ""payload_mb"": 5.0}",True,1,1.0,0.0
20260718_124403,fits,megacam_cutouts,2583975o.fits::hdu4::megacam_cutouts,2583975o.fits.fz ext 4 [40 cutouts; rice],megacam_repeated_cutouts,specialized,fitsio,fitsio_cached,specialized,OK,,True,n/a,NRC-054711,0.16294587499578483,298.484375,,30.685035752696056,MB/s,5.0,40,"{""hdu"": 4, ""cutouts"": 40, ""source"": ""2583975o.fits.fz"", ""znaxis"": true, ""naxis1"": 2112, ""naxis2"": 4644, ""payload_mb"": 5.0}",False,2,1.0930777488553443,9.307774885534425
20260718_124403,fits,megacam_cutouts,2583975o.fits::hdu4::megacam_cutouts,2583975o.fits.fz ext 4 [40 cutouts; rice],megacam_repeated_cutouts,materialize,torchfits,torchfits_materialize,materialize,OK,,True,n/a,NRC-054711,0.07198050001170486,298.484375,,69.46325739869745,MB/s,5.0,40,"{""hdu"": 4, ""cutouts"": 40, ""source"": ""2583975o.fits.fz"", ""znaxis"": true, ""naxis1"": 2112, ""naxis2"": 4644, ""payload_mb"": 5.0}",True,1,1.0,0.0
20260718_124403,fits,megacam_cutouts,2583975p.fits::hdu1::megacam_cutouts,2583975p.fits.fz ext 1 [40 cutouts; rice],megacam_repeated_cutouts,baseline,torchfits,torchfits_naive,baseline,OK,,False,n/a,NRC-054711,0.16984437499195337,298.546875,,58.87742823672415,MB/s,10.0,40,"{""hdu"": 1, ""cutouts"": 40, ""source"": ""2583975p.fits.fz"", ""znaxis"": true, ""naxis1"": 2112, ""naxis2"": 4644, ""payload_mb"": 10.0}",False,,,
20260718_124403,fits,megacam_cutouts,2583975p.fits::hdu1::megacam_cutouts,2583975p.fits.fz ext 1 [40 cutouts; rice],megacam_repeated_cutouts,specialized,torchfits,torchfits_cached,specialized,OK,,True,n/a,NRC-054711,0.156480042001931,298.546875,,63.90591331689825,MB/s,10.0,40,"{""hdu"": 1, ""cutouts"": 40, ""source"": ""2583975p.fits.fz"", ""znaxis"": true, ""naxis1"": 2112, ""naxis2"": 4644, ""payload_mb"": 10.0}",True,1,1.0,0.0
20260718_124403,fits,megacam_cutouts,2583975p.fits::hdu1::megacam_cutouts,2583975p.fits.fz ext 1 [40 cutouts; rice],megacam_repeated_cutouts,specialized,fitsio,fitsio_cached,specialized,OK,,True,n/a,NRC-054711,0.1853616250155028,298.546875,,53.94859911895812,MB/s,10.0,40,"{""hdu"": 1, ""cutouts"": 40, ""source"": ""2583975p.fits.fz"", ""znaxis"": true, ""naxis1"": 2112, ""naxis2"": 4644, ""payload_mb"": 10.0}",False,2,1.184570394052012,18.457039405201204
20260718_124403,fits,megacam_cutouts,2583975p.fits::hdu1::megacam_cutouts,2583975p.fits.fz ext 1 [40 cutouts; rice],megacam_repeated_cutouts,materialize,torchfits,torchfits_materialize,materialize,OK,,True,n/a,NRC-054711,0.0778696250054054,298.546875,,128.41977856328242,MB/s,10.0,40,"{""hdu"": 1, ""cutouts"": 40, ""source"": ""2583975p.fits.fz"", ""znaxis"": true, ""naxis1"": 2112, ""naxis2"": 4644, ""payload_mb"": 10.0}",True,1,1.0,0.0
20260718_124403,fits,megacam_cutouts,2583975p.fits::hdu2::megacam_cutouts,2583975p.fits.fz ext 2 [40 cutouts; rice],megacam_repeated_cutouts,baseline,torchfits,torchfits_naive,baseline,OK,,False,n/a,NRC-054711,0.2433608749997802,298.546875,,41.09123950186747,MB/s,10.0,40,"{""hdu"": 2, ""cutouts"": 40, ""source"": ""2583975p.fits.fz"", ""znaxis"": true, ""naxis1"": 2112, ""naxis2"": 4644, ""payload_mb"": 10.0}",False,,,
20260718_124403,fits,megacam_cutouts,2583975p.fits::hdu2::megacam_cutouts,2583975p.fits.fz ext 2 [40 cutouts; rice],megacam_repeated_cutouts,specialized,torchfits,torchfits_cached,specialized,OK,,True,n/a,NRC-054711,0.21098500001244247,298.546875,,47.39673436220711,MB/s,10.0,40,"{""hdu"": 2, ""cutouts"": 40, ""source"": ""2583975p.fits.fz"", ""znaxis"": true, ""naxis1"": 2112, ""naxis2"": 4644, ""payload_mb"": 10.0}",True,1,1.0,0.0
20260718_124403,fits,megacam_cutouts,2583975p.fits::hdu2::megacam_cutouts,2583975p.fits.fz ext 2 [40 cutouts; rice],megacam_repeated_cutouts,specialized,fitsio,fitsio_cached,specialized,OK,,True,n/a,NRC-054711,0.21616216699476354,298.546875,,46.26156435710717,MB/s,10.0,40,"{""hdu"": 2, ""cutouts"": 40, ""source"": ""2583975p.fits.fz"", ""znaxis"": true, ""naxis1"": 2112, ""naxis2"": 4644, ""payload_mb"": 10.0}",False,2,1.024538080820986,2.4538080820986075
20260718_124403,fits,megacam_cutouts,2583975p.fits::hdu2::megacam_cutouts,2583975p.fits.fz ext 2 [40 cutouts; rice],megacam_repeated_cutouts,materialize,torchfits,torchfits_materialize,materialize,OK,,True,n/a,NRC-054711,0.10305820798384957,298.546875,,97.03254302235798,MB/s,10.0,40,"{""hdu"": 2, ""cutouts"": 40, ""source"": ""2583975p.fits.fz"", ""znaxis"": true, ""naxis1"": 2112, ""naxis2"": 4644, ""payload_mb"": 10.0}",True,1,1.0,0.0
20260718_124403,fits,megacam_cutouts,2583975p.fits::hdu3::megacam_cutouts,2583975p.fits.fz ext 3 [40 cutouts; rice],megacam_repeated_cutouts,baseline,torchfits,torchfits_naive,baseline,OK,,False,n/a,NRC-054711,0.21681262500351295,298.546875,,46.12277536807634,MB/s,10.0,40,"{""hdu"": 3, ""cutouts"": 40, ""source"": ""2583975p.fits.fz"", ""znaxis"": true, ""naxis1"": 2112, ""naxis2"": 4644, ""payload_mb"": 10.0}",False,,,
20260718_124403,fits,megacam_cutouts,2583975p.fits::hdu3::megacam_cutouts,2583975p.fits.fz ext 3 [40 cutouts; rice],megacam_repeated_cutouts,specialized,torchfits,torchfits_cached,specialized,OK,,True,n/a,NRC-054711,0.17966970798443072,298.546875,,55.65768493855709,MB/s,10.0,40,"{""hdu"": 3, ""cutouts"": 40, ""source"": ""2583975p.fits.fz"", ""znaxis"": true, ""naxis1"": 2112, ""naxis2"": 4644, ""payload_mb"": 10.0}",True,1,1.0,0.0
20260718_124403,fits,megacam_cutouts,2583975p.fits::hdu3::megacam_cutouts,2583975p.fits.fz ext 3 [40 cutouts; rice],megacam_repeated_cutouts,specialized,fitsio,fitsio_cached,specialized,OK,,True,n/a,NRC-054711,0.20314508298179135,298.546875,,49.22590226265204,MB/s,10.0,40,"{""hdu"": 3, ""cutouts"": 40, ""source"": ""2583975p.fits.fz"", ""znaxis"": true, ""naxis1"": 2112, ""naxis2"": 4644, ""payload_mb"": 10.0}",False,2,1.130658502541758,13.065850254175793
20260718_124403,fits,megacam_cutouts,2583975p.fits::hdu3::megacam_cutouts,2583975p.fits.fz ext 3 [40 cutouts; rice],megacam_repeated_cutouts,materialize,torchfits,torchfits_materialize,materialize,OK,,True,n/a,NRC-054711,0.08892670800560154,298.546875,,112.45215553655821,MB/s,10.0,40,"{""hdu"": 3, ""cutouts"": 40, ""source"": ""2583975p.fits.fz"", ""znaxis"": true, ""naxis1"": 2112, ""naxis2"": 4644, ""payload_mb"": 10.0}",True,1,1.0,0.0
20260718_124403,fits,megacam_cutouts,2583975p.fits::hdu4::megacam_cutouts,2583975p.fits.fz ext 4 [40 cutouts; rice],megacam_repeated_cutouts,baseline,torchfits,torchfits_naive,baseline,OK,,False,n/a,NRC-054711,0.27561179202166386,299.046875,,36.28291781947404,MB/s,10.0,40,"{""hdu"": 4, ""cutouts"": 40, ""source"": ""2583975p.fits.fz"", ""znaxis"": true, ""naxis1"": 2112, ""naxis2"": 4644, ""payload_mb"": 10.0}",False,,,
20260718_124403,fits,megacam_cutouts,2583975p.fits::hdu4::megacam_cutouts,2583975p.fits.fz ext 4 [40 cutouts; rice],megacam_repeated_cutouts,specialized,torchfits,torchfits_cached,specialized,OK,,True,n/a,NRC-054711,0.22253312499378808,299.046875,,44.93713014760902,MB/s,10.0,40,"{""hdu"": 4, ""cutouts"": 40, ""source"": ""2583975p.fits.fz"", ""znaxis"": true, ""naxis1"": 2112, ""naxis2"": 4644, ""payload_mb"": 10.0}",True,1,1.0,0.0
20260718_124403,fits,megacam_cutouts,2583975p.fits::hdu4::megacam_cutouts,2583975p.fits.fz ext 4 [40 cutouts; rice],megacam_repeated_cutouts,specialized,fitsio,fitsio_cached,specialized,OK,,True,n/a,NRC-054711,0.24269204199663363,299.046875,,41.20448251096222,MB/s,10.0,40,"{""hdu"": 4, ""cutouts"": 40, ""source"": ""2583975p.fits.fz"", ""znaxis"": true, ""naxis1"": 2112, ""naxis2"": 4644, ""payload_mb"": 10.0}",False,2,1.090588387699172,9.058838769917198
20260718_124403,fits,megacam_cutouts,2583975p.fits::hdu4::megacam_cutouts,2583975p.fits.fz ext 4 [40 cutouts; rice],megacam_repeated_cutouts,materialize,torchfits,torchfits_materialize,materialize,OK,,True,n/a,NRC-054711,0.11071404098765925,299.046875,,90.32278029770994,MB/s,10.0,40,"{""hdu"": 4, ""cutouts"": 40, ""source"": ""2583975p.fits.fz"", ""znaxis"": true, ""naxis1"": 2112, ""naxis2"": 4644, ""payload_mb"": 10.0}",True,1,1.0,0.0
